LocID,Date,Time,WeatherType,Visibility,Temperature,WindDirection,WindSpeed,WindGust,Pressure,PressureTendency,DewPoint,Humidity
3772,03-09-2015,14:00,8,35000,15.4,NW,9,0,1015,F,8.1,61.5
3772,03-09-2015,15:00,8,35000,16.3,W,8,0,1015,F,7.0,53.7
3772,03-09-2015,16:00,8,45000,15.9,W,9,0,1015,F,7.4,56.7
3772,03-09-2015,17:00,8,50000,14.8,W,10,0,1015,R,7.9,63.1
3772,03-09-2015,18:00,10,30000,13.6,N,9,0,1016,R,8.0,68.6
3772,03-09-2015,19:00,7,45000,12.6,NNW,5,0,1016,R,8.1,73.9
3772,03-09-2015,20:00,8,40000,12.4,NW,3,0,1016,R,8.1,74.9
3772,03-09-2015,21:00,8,45000,12.5,W,6,0,1016,R,7.8,72.8
3772,03-09-2015,22:00,8,40000,12.7,WNW,5,0,1016,R,7.4,69.8
3772,03-09-2015,23:00,8,40000,12.1,WNW,7,0,1017,R,7.6,73.7
3772,04-09-2015,00:00,8,50000,12.2,WNW,6,0,1017,R,7.7,73.8
3772,04-09-2015,01:00,7,50000,11.6,WNW,6,0,1017,S,7.3,74.7
3772,04-09-2015,02:00,7,50000,11.1,WNW,6,0,1016,F,7.4,77.8
3772,04-09-2015,03:00,7,40000,11.3,WNW,7,0,1016,F,7.7,78.4
3772,04-09-2015,04:00,8,45000,11.3,WNW,6,0,1016,F,7.9,79.5
3772,04-09-2015,05:00,8,45000,11.4,W,6,0,1016,F,8.1,80.0
3772,04-09-2015,06:00,8,40000,11.7,W,6,0,1017,R,8.3,79.5
3772,04-09-2015,07:00,8,40000,12.2,WNW,5,0,1017,R,8.8,79.5
3772,04-09-2015,08:00,8,50000,12.4,WNW,7,0,1017,R,8.9,79.1
3772,04-09-2015,09:00,7,40000,13.7,W,8,0,1018,R,9.4,75.0
3772,04-09-2015,10:00,7,29000,14.4,WNW,8,0,1018,R,9.6,72.7
3772,04-09-2015,11:00,8,50000,15.2,NW,6,0,1018,R,8.4,63.5
3772,04-09-2015,12:00,7,45000,15.8,NW,9,0,1018,F,8.2,60.3
3772,04-09-2015,13:00,8,40000,15.3,NW,9,0,1018,F,8.5,63.5
3772,04-09-2015,14:00,7,35000,15.2,NW,6,0,1017,F,8.4,63.5
3772,04-09-2015,14:00,7,35000,15.2,NW,6,0,1017,F,8.4,63.5
3772,04-09-2015,15:00,8,45000,15.2,N,5,0,1017,F,8.2,62.7
3772,04-09-2015,16:00,8,40000,15.8,NNW,7,0,1017,F,6.7,54.3
3772,04-09-2015,17:00,7,35000,15.4,NNW,8,0,1018,F,6.7,55.8
3772,04-09-2015,18:00,8,45000,14.9,NNW,7,0,1018,R,6.8,58.1
3772,04-09-2015,19:00,8,50000,14.5,NNW,5,0,1018,R,6.6,58.7
3772,04-09-2015,20:00,8,50000,13.9,NW,3,0,1018,R,7.1,63.2
3772,04-09-2015,21:00,8,40000,13.5,NW,3,0,1018,R,7.3,65.8
3772,04-09-2015,22:00,2,45000,12.8,WNW,3,0,1019,R,7.1,68.0
3772,04-09-2015,23:00,7,29000,12.9,WNW,5,0,1019,R,7.8,70.9
3772,05-09-2015,00:00,2,50000,11.6,W,6,0,1018,R,7.5,75.7
3772,05-09-2015,01:00,0,40000,10.9,W,5,0,1018,F,8.0,82.1
3772,05-09-2015,02:00,0,30000,10.1,WNW,6,0,1018,F,7.6,84.2
3772,05-09-2015,03:00,7,27000,9.6,W,3,0,1018,F,8.1,90.2
3772,05-09-2015,04:00,8,35000,10.8,W,7,0,1018,F,8.2,83.8
3772,05-09-2015,05:00,9,11000,10.6,W,6,0,1018,F,9.8,94.7
3772,05-09-2015,06:00,8,10000,11.2,W,7,0,1018,R,10.8,97.3
3772,05-09-2015,07:00,8,14000,12.1,W,7,0,1019,R,11.2,94.2
3772,05-09-2015,08:00,8,29000,13.0,WNW,7,0,1019,R,11.4,90.0
3772,05-09-2015,09:00,7,35000,13.9,N,8,0,1020,R,11.1,83.0
3772,05-09-2015,10:00,8,25000,13.7,NNE,9,0,1021,R,10.0,78.1
3772,05-09-2015,11:00,8,28000,13.2,N,9,0,1022,R,9.3,76.9
3772,05-09-2015,12:00,8,28000,14.0,N,8,0,1022,R,9.1,72.0
3772,05-09-2015,13:00,8,29000,15.0,N,7,0,1022,R,8.5,64.8
3772,05-09-2015,14:00,8,40000,14.4,N,7,0,1023,R,8.1,65.5
3772,05-09-2015,14:00,8,40000,14.4,N,7,0,1023,R,8.1,65.5
3772,05-09-2015,15:00,7,30000,15.4,NNW,8,0,1023,R,7.5,58.9
3772,05-09-2015,16:00,7,30000,15.5,N,8,0,1023,R,7.1,56.8
3772,05-09-2015,17:00,7,35000,15.5,NNE,6,0,1023,R,6.5,54.5
3772,05-09-2015,18:00,8,28000,14.8,N,7,0,1024,R,6.0,55.1
3772,05-09-2015,19:00,0,30000,13.4,NNE,7,0,1024,R,6.0,60.4
3772,05-09-2015,20:00,0,26000,12.1,N,3,0,1025,R,6.6,68.6
3772,05-09-2015,21:00,0,21000,11.2,NNE,3,0,1026,R,6.8,73.9
3772,05-09-2015,22:00,0,20000,10.2,WNW,2,0,1026,R,7.1,80.8
3772,05-09-2015,23:00,0,15000,9.2,NNE,2,0,1026,R,7.2,87.1
3772,06-09-2015,00:00,0,19000,8.0,WNW,2,0,1027,R,6.2,88.2
3772,06-09-2015,01:00,0,14000,7.7,NW,2,0,1027,R,6.1,89.4
3772,06-09-2015,02:00,0,16000,7.3,WNW,2,0,1027,R,5.9,90.6
3772,06-09-2015,03:00,0,13000,6.5,NW,1,0,1027,R,5.3,91.8
3772,06-09-2015,04:00,0,16000,6.6,WNW,5,0,1027,R,5.6,93.1
3772,06-09-2015,05:00,0,15000,6.4,WNW,2,0,1027,R,5.3,92.5
3772,06-09-2015,06:00,1,13000,6.1,W,6,0,1028,R,5.1,93.2
3772,06-09-2015,07:00,1,15000,8.0,W,3,0,1028,R,6.3,88.8
3772,06-09-2015,08:00,1,18000,9.9,WNW,5,0,1029,R,6.6,79.7
3772,06-09-2015,09:00,1,25000,12.7,W,6,0,1029,R,7.8,71.7
3772,06-09-2015,10:00,3,27000,15.1,W,7,0,1029,R,9.1,66.9
3772,06-09-2015,11:00,7,29000,15.8,WNW,5,0,1029,R,8.1,59.7
3772,06-09-2015,12:00,7,45000,17.3,NNW,7,0,1028,F,6.5,48.4
3772,06-09-2015,13:00,3,22000,18.3,NW,9,0,1028,F,7.5,48.7
3772,06-09-2015,14:00,3,30000,18.5,NW,7,0,1028,F,6.0,43.3
3772,06-09-2015,14:00,3,30000,18.5,NW,7,0,1028,F,6.0,43.3
3772,06-09-2015,15:00,1,30000,19.0,NW,7,0,1028,F,5.4,40.1
3772,06-09-2015,16:00,1,40000,19.6,NW,6,0,1028,F,6.6,42.1
3772,06-09-2015,17:00,1,35000,19.4,NW,8,0,1028,F,6.8,43.2
3772,06-09-2015,18:00,1,35000,18.5,NW,5,0,1028,F,7.0,46.4
3772,06-09-2015,19:00,0,30000,16.8,NW,3,0,1028,R,7.6,54.0
3772,06-09-2015,20:00,0,30000,15.8,NW,3,0,1029,R,7.8,58.4
3772,06-09-2015,21:00,0,16000,14.9,WNW,2,0,1029,R,8.3,64.1
3772,06-09-2015,22:00,0,24000,13.4,NNW,3,0,1029,R,8.7,72.8
3772,06-09-2015,23:00,0,29000,12.5,NNW,5,0,1029,R,8.6,76.8
3772,07-09-2015,00:00,0,35000,11.7,WNW,5,0,1030,R,8.4,79.9
3772,07-09-2015,01:00,0,30000,11.1,WNW,6,0,1029,R,8.4,83.1
3772,07-09-2015,02:00,0,22000,10.2,WNW,6,0,1029,S,8.2,87.2
3772,07-09-2015,03:00,0,19000,9.8,WNW,5,0,1029,F,8.1,88.9
3772,07-09-2015,04:00,0,14000,9.0,WNW,3,0,1029,F,7.7,91.5
3772,07-09-2015,05:00,0,11000,8.4,WNW,2,0,1029,F,7.1,91.4
3772,07-09-2015,06:00,1,11000,8.9,NW,2,0,1030,R,7.9,93.3
3772,07-09-2015,07:00,1,16000,10.2,NW,2,0,1030,R,8.3,87.9
3772,07-09-2015,08:00,1,17000,12.9,N,6,0,1030,R,9.2,78.0
3772,07-09-2015,09:00,1,12000,14.7,N,3,0,1031,R,9.7,71.6
3772,07-09-2015,10:00,1,35000,16.2,N,6,0,1031,R,10.2,67.2
3772,07-09-2015,11:00,1,22000,17.8,NE,6,0,1030,R,10.9,63.5
3772,07-09-2015,12:00,3,40000,18.5,N,8,0,1031,S,10.4,58.7
3772,07-09-2015,13:00,7,40000,18.2,NNE,8,0,1031,F,9.5,56.3
3772,07-09-2015,14:00,7,45000,18.5,NNE,9,0,1030,F,9.7,56.0
3772,07-09-2015,14:00,7,45000,18.5,NNE,9,0,1030,F,9.7,56.0
3772,07-09-2015,15:00,7,35000,17.8,NNE,10,0,1030,F,10.2,60.6
3772,07-09-2015,16:00,3,35000,17.2,NNE,9,0,1030,F,10.3,63.4
3772,07-09-2015,17:00,7,30000,16.2,NNE,6,0,1030,F,9.6,64.5
3772,07-09-2015,18:00,3,50000,16.3,NNE,7,0,1030,F,9.5,63.6
3772,07-09-2015,19:00,0,35000,15.3,N,5,0,1031,R,9.9,69.8
3772,07-09-2015,20:00,0,29000,14.1,N,5,0,1031,R,10.0,76.0
3772,07-09-2015,21:00,0,17000,14.0,NE,6,0,1031,R,10.3,78.0
3772,07-09-2015,22:00,0,12000,13.1,NE,6,0,1031,R,9.6,79.0
3772,07-09-2015,23:00,0,35000,12.3,ENE,6,0,1031,F,9.0,80.0
3772,08-09-2015,00:00,0,28000,10.8,NE,2,0,1031,F,8.5,85.4
3772,08-09-2015,01:00,0,25000,10.3,N,3,0,1030,F,8.4,87.8
3772,08-09-2015,02:00,7,35000,10.4,NNE,3,0,1030,F,8.7,89.1
3772,08-09-2015,03:00,8,30000,11.4,NNE,3,0,1030,F,9.4,87.4
3772,08-09-2015,04:00,8,26000,12.2,NE,6,0,1029,F,9.2,81.6
3772,08-09-2015,05:00,8,30000,12.1,NNE,3,0,1029,F,9.2,82.2
3772,08-09-2015,06:00,8,25000,11.8,NNE,5,0,1029,F,9.4,85.0
3772,08-09-2015,07:00,8,20000,12.0,NNE,6,0,1029,F,9.8,86.2
3772,08-09-2015,08:00,8,40000,12.3,NNE,6,0,1029,R,9.6,83.3
3772,08-09-2015,09:00,8,40000,12.7,NE,7,0,1029,R,9.5,80.6
3772,08-09-2015,10:00,8,45000,13.6,NE,7,0,1029,F,9.4,75.4
3772,08-09-2015,11:00,8,45000,14.2,NNE,6,0,1028,F,9.2,71.5
3772,08-09-2015,12:00,8,30000,14.9,E,5,0,1028,F,9.1,67.8
3772,08-09-2015,13:00,8,25000,15.8,NE,8,0,1028,F,9.2,64.4
3772,08-09-2015,14:00,8,35000,16.0,NE,8,0,1027,F,9.7,65.8
3772,08-09-2015,14:00,8,35000,16.0,NE,8,0,1027,F,9.7,65.8
3772,08-09-2015,15:00,8,26000,15.8,NE,8,0,1027,F,8.9,63.1
3772,08-09-2015,16:00,7,35000,15.7,ENE,6,0,1026,F,8.7,62.7
3772,08-09-2015,17:00,3,40000,16.3,ENE,5,0,1026,F,8.7,60.3
3772,08-09-2015,18:00,7,40000,15.7,E,8,0,1025,F,8.2,60.6
3772,08-09-2015,19:00,8,40000,15.5,E,6,0,1025,F,8.8,63.9
3772,08-09-2015,20:00,8,50000,15.4,ENE,6,0,1025,F,8.4,62.6
3772,08-09-2015,21:00,8,45000,15.2,ENE,5,0,1025,F,8.9,65.7
3772,08-09-2015,22:00,8,45000,14.8,ENE,7,0,1025,F,9.9,72.1
3772,08-09-2015,23:00,8,45000,14.3,NE,6,0,1025,F,10.4,77.2
3772,09-09-2015,00:00,7,40000,13.5,NE,7,0,1024,F,10.6,82.4
3772,09-09-2015,01:00,0,45000,12.9,NNE,7,0,1024,F,10.3,84.0
3772,09-09-2015,02:00,2,45000,13.2,NE,8,0,1024,F,9.9,80.2
3772,09-09-2015,03:00,8,35000,13.3,NE,6,0,1024,F,9.7,78.5
3772,09-09-2015,04:00,8,50000,13.2,NE,8,0,1023,F,10.1,81.2
3772,09-09-2015,05:00,8,35000,13.0,NE,9,0,1023,F,10.4,84.0
3772,09-09-2015,06:00,8,30000,12.8,NE,8,0,1023,F,10.7,86.9
3772,09-09-2015,07:00,7,30000,13.1,NE,9,0,1023,F,10.7,85.2
3772,09-09-2015,08:00,8,30000,13.7,NE,7,0,1023,R,10.9,83.0
3772,09-09-2015,09:00,12,4600,13.5,E,7,0,1023,R,11.3,86.4
3772,09-09-2015,10:00,8,20000,14.1,NE,6,0,1023,F,11.9,86.5
3772,09-09-2015,11:00,7,30000,16.5,NE,8,0,1023,F,12.2,75.5
3772,09-09-2015,12:00,8,23000,16.9,ENE,10,0,1022,F,11.1,68.4
3772,09-09-2015,13:00,7,26000,17.8,E,15,0,1022,F,9.6,58.3
3772,09-09-2015,14:00,7,35000,18.6,E,13,0,1021,F,9.2,53.9
3772,09-09-2015,14:00,7,35000,18.6,E,13,0,1021,F,9.2,53.9
3772,09-09-2015,15:00,7,18000,18.3,E,13,0,1021,F,10.4,59.6
3772,09-09-2015,16:00,7,27000,18.7,ENE,14,0,1021,F,9.5,54.7
3772,09-09-2015,17:00,7,40000,18.0,E,11,0,1021,F,8.4,53.0
3772,09-09-2015,18:00,8,45000,17.0,E,13,0,1021,F,8.3,56.1
3772,09-09-2015,19:00,8,35000,15.6,E,10,0,1021,R,9.0,64.5
3772,09-09-2015,20:00,0,21000,15.4,ENE,7,0,1022,R,9.7,68.5
3772,09-09-2015,21:00,0,18000,14.8,ENE,7,0,1021,R,11.1,78.3
3772,09-09-2015,22:00,0,15000,14.4,NE,8,0,1022,R,11.8,84.2
3772,09-09-2015,23:00,0,14000,13.7,NE,7,0,1022,R,11.6,87.1
3772,10-09-2015,00:00,0,13000,13.1,NE,7,0,1021,R,11.4,89.3
3772,10-09-2015,01:00,0,12000,12.6,NE,6,0,1021,F,11.2,91.2
3772,10-09-2015,02:00,0,11000,12.3,NE,5,0,1021,F,11.1,92.2
3772,10-09-2015,03:00,0,10000,12.2,NE,6,0,1021,F,11.1,92.9
3772,10-09-2015,04:00,0,7000,11.9,NE,6,0,1021,F,10.9,93.5
3772,10-09-2015,05:00,5,6000,11.9,NE,6,0,1021,F,11.1,94.8
3772,10-09-2015,06:00,5,5000,12.0,NE,6,0,1021,F,11.0,93.5
3772,10-09-2015,07:00,1,7000,13.4,ENE,6,0,1021,R,11.8,90.0
3772,10-09-2015,08:00,1,8000,15.2,ENE,8,0,1021,R,12.5,83.7
3772,10-09-2015,09:00,1,13000,17.3,E,9,0,1021,R,12.7,74.1
3772,10-09-2015,10:00,1,30000,19.1,E,13,0,1021,R,11.2,59.9
3772,10-09-2015,11:00,1,29000,19.7,E,13,0,1021,F,11.7,59.6
3772,10-09-2015,12:00,1,35000,20.2,E,15,0,1020,F,7.4,43.1
3772,10-09-2015,13:00,1,40000,21.0,ENE,10,0,1020,F,7.8,42.1
3772,10-09-2015,14:00,1,50000,20.5,E,11,0,1020,F,9.5,48.9
3772,10-09-2015,14:00,1,50000,20.5,E,11,0,1020,F,9.5,48.9
3772,10-09-2015,15:00,1,30000,20.6,E,11,0,1019,F,8.4,45.0
3772,10-09-2015,16:00,1,35000,19.6,E,15,0,1019,F,5.5,39.2
3772,10-09-2015,17:00,1,50000,18.7,E,15,0,1019,F,5.8,42.3
3772,10-09-2015,18:00,1,35000,17.2,E,15,0,1019,F,9.9,61.8
3772,10-09-2015,19:00,0,22000,15.8,E,13,0,1019,F,10.1,68.6
3772,10-09-2015,20:00,0,21000,15.7,E,9,0,1019,R,11.1,73.9
3772,10-09-2015,21:00,0,18000,15.5,ENE,8,0,1019,R,11.2,75.4
3772,10-09-2015,22:00,0,18000,14.8,ENE,6,0,1019,F,11.5,80.5
3772,10-09-2015,23:00,0,17000,14.2,ENE,6,0,1018,F,11.7,84.8
3772,11-09-2015,00:00,0,15000,13.9,ENE,7,0,1018,F,11.8,87.0
3772,11-09-2015,01:00,0,14000,13.3,ENE,6,0,1017,F,11.7,89.9
3772,11-09-2015,02:00,0,12000,13.0,NE,5,0,1017,F,11.5,90.5
3772,11-09-2015,03:00,0,10000,12.2,ENE,3,0,1016,F,11.1,92.9
3772,11-09-2015,04:00,0,9000,12.1,ENE,5,0,1016,F,11.0,92.9
3772,11-09-2015,05:00,0,9000,12.0,ENE,5,0,1016,F,10.9,92.9
3772,11-09-2015,06:00,1,9000,12.2,ENE,5,0,1016,F,11.0,92.3
3772,11-09-2015,07:00,1,10000,13.6,ENE,3,0,1016,F,11.5,87.0
3772,11-09-2015,08:00,1,11000,15.1,E,8,0,1016,F,11.4,78.4
3772,11-09-2015,09:00,1,19000,16.8,E,9,0,1016,F,10.9,67.9
3772,11-09-2015,10:00,1,19000,18.8,E,10,0,1015,F,10.3,57.5
3772,11-09-2015,11:00,1,26000,20.1,E,13,0,1015,F,8.9,48.2
3772,11-09-2015,12:00,3,30000,21.7,ESE,14,0,1014,F,7.3,39.0
3772,11-09-2015,13:00,3,30000,22.1,SE,15,0,1014,F,7.2,37.9
3772,11-09-2015,14:00,7,45000,21.1,SE,11,0,1013,F,7.2,40.3
3772,11-09-2015,14:00,7,45000,21.1,SE,11,0,1013,F,7.2,40.3
3772,11-09-2015,15:00,7,30000,20.7,SSE,14,0,1013,F,7.1,41.1
3772,11-09-2015,16:00,8,30000,21.5,SSE,13,0,1012,F,6.6,37.7
3772,11-09-2015,17:00,7,40000,19.8,SE,13,0,1012,F,6.9,42.8
3772,11-09-2015,18:00,7,40000,18.6,SE,11,0,1012,F,6.8,45.8
3772,11-09-2015,19:00,8,40000,18.1,ESE,9,0,1012,F,6.7,47.0
3772,11-09-2015,20:00,9,28000,15.8,E,10,0,1012,F,10.1,68.7
3772,11-09-2015,21:00,12,14000,15.4,ESE,10,0,1011,F,10.6,72.9
3772,11-09-2015,22:00,8,15000,15.7,E,11,0,1010,F,11.0,73.5
3772,11-09-2015,23:00,8,14000,15.7,E,11,0,1010,F,10.7,72.0
3772,12-09-2015,00:00,8,16000,15.7,E,10,0,1009,F,10.4,70.6
3772,12-09-2015,01:00,8,18000,15.7,E,8,0,1008,F,10.7,72.1
3772,12-09-2015,02:00,8,23000,16.0,ESE,7,0,1007,F,10.8,71.1
3772,12-09-2015,03:00,8,28000,16.2,SE,9,0,1007,F,11.4,73.1
3772,12-09-2015,04:00,8,24000,16.2,SE,10,0,1006,F,12.5,78.7
3772,12-09-2015,05:00,8,23000,16.0,SE,9,0,1006,F,13.5,85.0
3772,12-09-2015,06:00,8,21000,16.5,SSE,14,0,1006,F,13.7,83.4
3772,12-09-2015,07:00,8,27000,15.9,SSE,10,0,1005,F,14.6,92.0
3772,12-09-2015,08:00,8,26000,17.3,S,15,0,1005,F,14.4,83.0
3772,12-09-2015,09:00,8,30000,17.7,SSW,17,30,1006,F,12.7,72.5
3772,12-09-2015,10:00,8,24000,17.2,SW,17,30,1006,R,13.0,76.3
3772,12-09-2015,11:00,3,30000,20.1,SSW,14,0,1006,R,13.3,64.9
3772,12-09-2015,12:00,7,30000,20.5,SSW,17,0,1006,R,11.4,55.8
3772,12-09-2015,13:00,7,45000,20.6,WSW,15,0,1006,R,11.6,56.2
3772,12-09-2015,14:00,3,30000,20.2,W,11,0,1007,R,11.1,55.7
3772,12-09-2015,14:00,3,30000,20.2,W,11,0,1007,R,11.1,55.7
3772,12-09-2015,15:00,3,45000,19.6,W,15,0,1007,R,10.9,57.1
3772,12-09-2015,16:00,7,45000,19.3,W,13,0,1007,R,10.6,57.0
3772,12-09-2015,17:00,7,40000,19.4,W,15,0,1007,R,9.8,53.7
3772,12-09-2015,18:00,3,50000,17.6,W,11,0,1008,R,9.6,59.3
3772,12-09-2015,19:00,7,40000,16.7,W,13,0,1009,R,9.2,61.0
3772,12-09-2015,20:00,7,50000,15.2,W,13,0,1010,R,6.4,55.4
3772,12-09-2015,21:00,7,40000,14.8,W,8,0,1010,R,6.8,58.5
3772,12-09-2015,22:00,0,40000,13.1,SW,3,0,1010,R,6.6,64.5
3772,12-09-2015,23:00,7,35000,12.9,SSW,6,0,1010,R,7.6,70.1
3772,13-09-2015,00:00,8,30000,12.4,SW,5,0,1010,F,8.6,77.5
3772,13-09-2015,01:00,8,21000,11.5,WSW,7,0,1009,F,9.0,84.6
3772,13-09-2015,02:00,7,23000,11.1,SE,3,0,1009,F,8.9,86.2
3772,13-09-2015,03:00,8,20000,10.8,SSE,2,0,1009,F,9.0,88.6
3772,13-09-2015,04:00,8,18000,10.5,SE,3,0,1009,F,9.0,90.4
3772,13-09-2015,05:00,8,21000,11.3,SE,5,0,1009,F,9.6,89.2
3772,13-09-2015,06:00,8,20000,11.3,SE,6,0,1009,F,9.6,89.2
3772,13-09-2015,07:00,7,16000,11.4,E,5,0,1008,F,9.8,89.8
3772,13-09-2015,08:00,8,23000,12.6,E,5,0,1008,F,10.3,85.9
3772,13-09-2015,09:00,7,20000,14.3,ENE,3,0,1008,F,11.1,81.0
3772,13-09-2015,10:00,7,23000,15.1,ESE,7,0,1007,F,10.9,75.9
3772,13-09-2015,11:00,7,24000,16.0,ESE,8,0,1006,F,11.0,72.1
3772,13-09-2015,12:00,7,20000,17.8,ESE,10,0,1005,F,8.9,55.9
3772,13-09-2015,13:00,7,26000,18.9,ESE,10,0,1004,F,8.0,49.0
3772,13-09-2015,14:00,7,35000,17.7,E,9,0,1004,F,8.5,54.7
3772,13-09-2015,14:00,7,35000,17.7,E,9,0,1004,F,8.5,54.7
3772,13-09-2015,15:00,8,28000,17.3,E,10,0,1003,F,8.8,57.3
3772,13-09-2015,16:00,10,40000,17.0,ESE,11,0,1003,F,8.3,56.5
3772,13-09-2015,17:00,8,40000,16.2,E,10,0,1002,F,8.2,59.0
3772,13-09-2015,18:00,8,35000,15.3,ESE,9,0,1002,F,7.0,57.6
3772,13-09-2015,19:00,8,40000,14.1,ESE,8,0,1002,F,7.8,65.8
3772,13-09-2015,20:00,8,45000,13.2,ESE,8,0,1001,F,8.3,72.1
3772,13-09-2015,21:00,8,28000,12.6,ESE,8,0,1001,F,8.9,78.2
3772,13-09-2015,22:00,7,30000,12.2,E,7,0,1000,F,9.1,81.3
3772,13-09-2015,23:00,8,35000,12.4,E,8,0,999,F,9.1,80.3
3772,14-09-2015,00:00,8,35000,12.1,E,9,0,998,F,9.2,82.4
3772,14-09-2015,01:00,13,7000,12.3,ENE,7,0,997,F,10.1,86.4
3772,14-09-2015,02:00,15,6000,12.0,ENE,8,0,996,F,11.2,94.8
3772,14-09-2015,03:00,15,7000,11.9,E,10,0,996,F,11.3,96.1
3772,14-09-2015,04:00,8,9000,12.2,E,8,0,995,F,11.8,97.4
3772,14-09-2015,05:00,5,9000,12.4,E,7,0,994,F,12.0,97.4
3772,14-09-2015,06:00,5,9000,12.5,SE,7,0,994,F,12.1,97.4
3772,14-09-2015,07:00,8,12000,13.8,SSE,7,0,993,F,13.5,98.1
3772,14-09-2015,08:00,14,10000,14.8,SE,7,0,993,F,14.1,95.5
3772,14-09-2015,09:00,7,15000,15.6,SE,10,0,993,F,14.2,91.4
3772,14-09-2015,10:00,8,19000,16.5,SSE,10,0,992,F,14.4,87.4
3772,14-09-2015,11:00,7,20000,18.2,SSE,9,0,992,F,14.7,80.1
3772,14-09-2015,12:00,7,29000,18.6,S,14,0,992,F,12.7,68.6
3772,14-09-2015,13:00,7,40000,19.0,SSW,19,29,992,F,11.1,60.3
3772,14-09-2015,14:00,7,30000,17.5,SSW,19,34,992,R,10.6,64.1
3772,14-09-2015,14:00,7,30000,17.5,SSW,19,34,992,R,10.6,64.1
3772,14-09-2015,15:00,11,6000,14.0,WSW,18,33,993,R,12.7,91.9
3772,14-09-2015,16:00,7,30000,14.2,SW,19,33,994,R,10.7,79.5
3772,14-09-2015,17:00,7,50000,13.7,SW,19,30,994,R,9.0,73.3
3772,14-09-2015,18:00,7,45000,13.2,SW,18,29,995,R,8.4,72.7
3772,14-09-2015,19:00,8,40000,12.9,SSW,13,0,995,R,8.3,73.7
3772,14-09-2015,20:00,7,25000,12.5,SSW,14,0,995,R,7.9,73.5
3772,14-09-2015,21:00,2,26000,12.1,SSW,16,0,995,R,7.0,71.0
3772,14-09-2015,22:00,0,20000,11.9,SSW,13,0,995,R,7.1,72.5
3772,14-09-2015,23:00,0,22000,11.5,SSW,11,0,995,R,7.4,76.0
3772,15-09-2015,00:00,0,24000,10.9,SSW,10,0,995,F,7.0,76.9
3772,15-09-2015,01:00,0,27000,10.6,S,11,0,995,F,7.2,79.5
3772,15-09-2015,02:00,0,30000,10.5,S,10,0,994,F,7.0,79.0
3772,15-09-2015,03:00,2,30000,10.7,SSW,13,0,993,F,7.5,80.7
3772,15-09-2015,04:00,7,35000,11.0,S,14,0,993,F,7.6,79.6
3772,15-09-2015,05:00,9,35000,10.9,SSW,15,0,992,F,8.3,84.0
3772,15-09-2015,06:00,11,3900,10.4,SSW,14,0,992,F,9.1,91.7
3772,15-09-2015,07:00,7,40000,11.1,SSW,11,0,992,F,9.9,92.3
3772,15-09-2015,08:00,8,30000,11.9,WSW,14,0,993,R,10.7,92.3
3772,15-09-2015,09:00,8,28000,13.4,W,16,0,994,R,11.3,87.1
3772,15-09-2015,10:00,8,30000,14.4,W,15,0,995,R,11.7,83.9
3772,15-09-2015,11:00,8,35000,16.2,WSW,19,29,996,R,12.0,76.2
3772,15-09-2015,12:00,10,18000,15.6,WSW,15,0,996,R,12.7,82.9
3772,15-09-2015,13:00,7,45000,18.2,WSW,15,0,996,R,11.8,66.3
3772,15-09-2015,14:00,7,40000,17.4,WSW,15,0,996,R,10.8,65.2
3772,15-09-2015,14:00,7,40000,17.4,WSW,15,0,996,R,10.8,65.2
3772,15-09-2015,15:00,12,30000,17.3,SW,14,0,997,R,11.1,67.0
3772,15-09-2015,16:00,10,25000,16.8,SSW,18,0,997,R,12.5,75.8
3772,15-09-2015,17:00,7,30000,15.4,SW,17,0,998,R,11.3,76.5
3772,15-09-2015,18:00,8,30000,15.1,SSW,9,0,998,R,11.3,78.0
3772,15-09-2015,19:00,8,24000,14.7,SSW,10,0,998,R,10.8,77.5
3772,15-09-2015,20:00,8,20000,14.1,SSW,10,0,998,F,10.6,79.5
3772,15-09-2015,21:00,8,20000,13.5,SSE,6,0,997,F,10.5,82.1
3772,15-09-2015,22:00,8,20000,13.5,S,8,0,997,F,10.6,82.6
3772,15-09-2015,23:00,8,17000,11.4,SE,5,0,996,F,9.4,87.6
3772,16-09-2015,00:00,8,15000,11.2,E,3,0,995,F,10.2,93.5
3772,16-09-2015,01:00,7,14000,11.4,NE,3,0,994,F,10.0,91.2
3772,16-09-2015,02:00,7,15000,11.6,NE,5,0,993,F,10.2,91.2
3772,16-09-2015,03:00,8,16000,12.3,ENE,7,0,992,F,10.4,88.3
3772,16-09-2015,04:00,12,13000,12.3,NE,6,0,992,F,10.5,88.8
3772,16-09-2015,05:00,8,16000,12.5,NE,7,0,991,F,10.7,88.8
3772,16-09-2015,06:00,8,18000,12.4,ENE,8,0,990,F,11.1,91.9
3772,16-09-2015,07:00,10,14000,13.1,ENE,7,0,989,F,11.9,92.4
3772,16-09-2015,08:00,8,22000,14.4,ENE,8,0,989,F,11.7,83.9
3772,16-09-2015,09:00,8,45000,14.8,ENE,10,0,988,F,11.6,81.2
3772,16-09-2015,10:00,8,35000,16.0,ENE,14,0,988,F,10.9,71.9
3772,16-09-2015,11:00,12,35000,15.3,ENE,10,0,988,F,11.2,76.7
3772,16-09-2015,12:00,12,8000,13.9,ENE,10,0,987,F,11.7,86.6
3772,16-09-2015,13:00,15,4100,13.4,NNE,9,0,987,F,12.5,94.3
3772,16-09-2015,14:00,15,5000,13.6,NNE,10,0,986,F,12.9,95.6
3772,16-09-2015,14:00,15,5000,13.6,NNE,10,0,986,F,12.9,95.6
3772,16-09-2015,15:00,15,4300,13.3,NNE,8,0,985,F,12.8,96.8
3772,16-09-2015,16:00,15,5000,13.3,NNE,10,0,985,F,12.7,96.1
3772,16-09-2015,17:00,15,7000,13.3,NE,6,0,985,F,12.4,94.3
3772,16-09-2015,18:00,15,9000,13.0,NE,9,0,985,F,12.3,95.5
3772,16-09-2015,19:00,15,6000,12.7,N,7,0,985,R,12.1,96.1
3772,16-09-2015,20:00,11,17000,12.6,N,9,0,986,R,11.9,95.5
3772,16-09-2015,21:00,8,8000,12.1,N,11,0,986,R,11.3,94.9
3772,16-09-2015,22:00,5,7000,12.2,N,8,0,987,R,11.2,93.6
3772,16-09-2015,23:00,11,9000,11.9,N,8,0,988,R,11.1,94.8
3772,17-09-2015,00:00,15,3200,11.9,NNW,8,0,989,R,11.4,96.8
3772,17-09-2015,01:00,12,9000,12.1,NW,6,0,990,R,11.3,94.8
3772,17-09-2015,02:00,9,6000,12.0,NW,7,0,991,R,11.1,94.2
3772,17-09-2015,03:00,12,6000,11.8,WNW,7,0,992,R,10.8,93.6
3772,17-09-2015,04:00,7,9000,11.1,WNW,7,0,993,R,9.7,91.1
3772,17-09-2015,05:00,0,7000,10.3,W,6,0,993,R,9.3,93.5
3772,17-09-2015,06:00,5,5000,9.3,W,8,0,995,R,8.7,96.1
3772,17-09-2015,07:00,1,12000,10.2,W,9,0,996,R,9.2,93.5
3772,17-09-2015,08:00,3,21000,11.5,WNW,6,0,998,R,9.3,86.4
3772,17-09-2015,09:00,7,25000,12.8,W,8,0,999,R,9.9,82.5
3772,17-09-2015,10:00,3,40000,14.4,W,9,0,999,R,9.3,71.4
3772,17-09-2015,11:00,7,26000,15.6,W,10,0,1000,R,8.4,62.2
3772,17-09-2015,12:00,7,45000,16.5,W,13,0,1001,R,7.4,54.8
3772,17-09-2015,13:00,8,35000,17.6,WSW,11,0,1001,R,8.8,56.3
3772,17-09-2015,14:00,8,35000,17.5,W,13,0,1002,R,6.2,47.4
3772,17-09-2015,14:00,8,35000,17.5,W,13,0,1002,R,6.2,47.4
3772,17-09-2015,15:00,8,30000,17.5,WSW,13,0,1003,R,7.6,52.2
3772,17-09-2015,16:00,7,50000,17.3,WSW,10,0,1003,R,7.8,53.6
3772,17-09-2015,17:00,7,35000,17.0,WSW,9,0,1004,R,8.7,58.0
3772,17-09-2015,18:00,8,35000,16.3,SSW,9,0,1004,R,10.4,68.0
3772,17-09-2015,19:00,7,45000,15.7,SW,13,0,1005,R,10.2,69.7
3772,17-09-2015,20:00,2,30000,14.6,SSW,11,0,1006,R,10.5,76.4
3772,17-09-2015,21:00,0,21000,13.7,SSW,8,0,1006,R,10.7,82.1
3772,17-09-2015,22:00,0,22000,13.2,S,8,0,1007,R,11.0,86.4
3772,17-09-2015,23:00,7,21000,13.1,S,8,0,1007,R,10.9,86.4
3772,18-09-2015,00:00,2,18000,12.6,S,6,0,1007,R,11.0,90.0
3772,18-09-2015,01:00,0,17000,12.0,S,6,0,1007,R,11.0,93.6
3772,18-09-2015,02:00,7,16000,12.4,S,7,0,1007,R,11.6,94.9
3772,18-09-2015,03:00,7,14000,12.4,S,7,0,1007,S,11.4,93.6
3772,18-09-2015,04:00,0,16000,12.1,S,6,0,1007,F,11.2,94.3
3772,18-09-2015,05:00,2,14000,11.9,S,7,0,1007,F,11.1,94.8
3772,18-09-2015,06:00,7,12000,12.1,SSW,5,0,1007,R,11.3,94.8
3772,18-09-2015,07:00,7,14000,12.5,SW,6,0,1008,R,11.5,93.6
3772,18-09-2015,08:00,8,25000,13.2,SW,5,0,1008,R,11.7,90.6
3772,18-09-2015,09:00,8,30000,14.0,WSW,6,0,1009,R,11.5,84.9
3772,18-09-2015,10:00,10,15000,14.7,WSW,7,0,1009,R,11.9,83.2
3772,18-09-2015,11:00,8,40000,15.9,WNW,8,0,1010,R,11.8,76.5
3772,18-09-2015,12:00,7,21000,16.1,NW,6,0,1010,R,12.1,77.0
3772,18-09-2015,13:00,3,30000,17.3,NW,10,0,1011,R,10.8,65.5
3772,18-09-2015,14:00,7,24000,17.3,WNW,7,0,1011,R,11.8,70.0
3772,18-09-2015,14:00,7,24000,17.3,WNW,7,0,1011,R,11.8,70.0
3772,18-09-2015,15:00,3,30000,18.6,NW,8,0,1011,R,10.5,59.0
3772,18-09-2015,16:00,7,45000,18.4,NNW,6,0,1012,R,9.7,56.7
3772,18-09-2015,17:00,7,40000,17.8,N,5,0,1013,R,9.2,56.9
3772,18-09-2015,18:00,7,35000,16.9,NW,3,0,1014,R,10.4,65.3
3772,18-09-2015,19:00,13,14000,16.1,NNW,3,0,1015,R,11.8,75.5
3772,18-09-2015,20:00,7,14000,13.4,NNW,5,0,1016,R,12.2,92.4
3772,18-09-2015,21:00,7,13000,13.2,N,3,0,1017,R,12.1,93.0
3772,18-09-2015,22:00,5,9000,12.5,NNW,3,0,1018,R,11.8,95.4
3772,18-09-2015,23:00,5,7000,12.2,N,3,0,1019,R,11.6,96.1
3772,19-09-2015,00:00,5,5000,11.5,NNW,3,0,1019,R,10.8,95.4
3772,19-09-2015,01:00,5,6000,11.5,N,5,0,1020,R,11.0,96.8
3772,19-09-2015,02:00,5,4100,10.9,NW,2,0,1020,R,10.5,97.4
3772,19-09-2015,03:00,5,5000,11.2,N,5,0,1021,R,10.8,97.3
3772,19-09-2015,04:00,5,5000,11.3,NNW,5,0,1021,R,10.8,96.8
3772,19-09-2015,05:00,5,5000,11.5,NNW,3,0,1022,R,11.0,96.8
3772,19-09-2015,06:00,5,7000,11.8,N,3,0,1023,R,11.3,96.7
3772,19-09-2015,07:00,5,7000,12.3,NNW,5,0,1024,R,11.4,94.2
3772,19-09-2015,08:00,7,17000,13.1,NNW,5,0,1024,R,11.5,89.9
3772,19-09-2015,09:00,7,27000,13.2,NNE,3,0,1025,R,10.2,81.8
3772,19-09-2015,10:00,1,40000,14.4,ENE,2,0,1025,R,9.2,70.6
3772,19-09-2015,11:00,1,23000,16.2,NW,2,0,1026,R,9.8,65.5
3772,19-09-2015,12:00,1,22000,17.4,NNW,5,0,1026,R,8.4,55.0
3772,19-09-2015,13:00,3,35000,18.2,NW,5,0,1026,R,8.2,51.5
3772,19-09-2015,14:00,1,35000,19.2,W,5,0,1026,F,8.9,50.8
3772,19-09-2015,14:00,1,35000,19.2,W,5,0,1026,F,8.9,50.8
3772,19-09-2015,15:00,3,26000,18.3,NNW,5,0,1026,F,7.7,49.5
3772,19-09-2015,16:00,3,35000,19.4,W,6,0,1026,S,8.7,49.4
3772,19-09-2015,17:00,3,40000,18.4,N,6,0,1026,R,7.5,48.5
3772,19-09-2015,18:00,1,40000,17.3,NNW,3,0,1026,R,8.8,56.9
3772,19-09-2015,19:00,0,30000,16.1,NNW,2,0,1026,R,9.5,64.5
3772,19-09-2015,20:00,0,26000,15.3,N,1,0,1027,R,9.7,68.9
3772,19-09-2015,21:00,0,17000,14.1,NE,1,0,1027,R,10.1,76.6
3772,19-09-2015,22:00,0,17000,13.4,S,3,0,1027,R,10.5,82.4
3772,19-09-2015,23:00,0,14000,12.4,SW,3,0,1027,R,9.7,83.3
3772,20-09-2015,00:00,0,14000,10.9,NW,1,0,1027,S,9.4,90.3
3772,20-09-2015,01:00,0,14000,11.2,W,2,0,1027,F,9.9,91.6
3772,20-09-2015,02:00,0,10000,10.0,WSW,3,0,1027,F,9.2,94.7
3772,20-09-2015,03:00,5,9000,10.1,W,2,0,1027,F,9.4,95.3
3772,20-09-2015,04:00,5,10000,9.9,W,2,0,1026,F,9.3,96.0
3772,20-09-2015,05:00,5,8000,9.3,N,0,0,1026,F,8.8,96.7
3772,20-09-2015,06:00,5,8000,9.3,WNW,1,0,1026,F,8.9,97.3
3772,20-09-2015,07:00,5,5000,10.5,W,1,0,1026,F,10.0,96.7
3772,20-09-2015,08:00,1,6000,12.1,SW,5,0,1026,R,10.6,90.4
3772,20-09-2015,09:00,1,8000,14.0,SW,6,0,1026,S,11.0,81.9
3772,20-09-2015,10:00,3,8000,14.3,WNW,8,0,1026,F,11.2,81.4
3772,20-09-2015,11:00,7,19000,16.3,W,10,0,1026,F,11.3,72.0
3772,20-09-2015,12:00,3,21000,18.3,WSW,11,0,1025,F,11.4,63.7
3772,20-09-2015,13:00,1,30000,18.7,W,9,0,1025,F,10.8,59.7
3772,20-09-2015,14:00,7,35000,18.9,W,8,0,1024,F,10.2,56.6
3772,20-09-2015,14:00,7,35000,18.9,W,8,0,1024,F,10.2,56.6
3772,20-09-2015,15:00,7,30000,18.8,SW,9,0,1023,F,10.0,56.1
3772,20-09-2015,16:00,7,40000,19.0,SW,10,0,1022,F,10.4,57.0
3772,20-09-2015,17:00,8,45000,18.3,W,9,0,1022,F,10.7,60.8
3772,20-09-2015,18:00,8,45000,17.6,SW,10,0,1022,F,11.4,66.7
3772,20-09-2015,20:00,2,28000,15.0,SSW,10,0,1021,F,11.4,78.8
3772,20-09-2015,21:00,0,21000,14.0,SSW,10,0,1021,F,11.4,84.2
3772,20-09-2015,22:00,0,13000,13.2,SSW,9,0,1021,F,11.5,89.3
3772,20-09-2015,23:00,7,8000,13.1,SW,7,0,1020,F,11.7,91.1
3772,21-09-2015,00:00,8,9000,13.4,SW,6,0,1019,F,12.0,91.1
3772,21-09-2015,01:00,8,9000,13.4,S,7,0,1019,F,12.1,91.8
3772,21-09-2015,02:00,8,10000,13.5,SSW,5,0,1018,F,12.1,91.1
3772,21-09-2015,03:00,8,12000,13.6,SSW,6,0,1017,F,12.1,90.6
3772,21-09-2015,04:00,8,14000,13.7,SSW,6,0,1016,F,11.9,88.8
3772,21-09-2015,05:00,8,12000,13.5,S,6,0,1016,F,11.8,89.4
3772,21-09-2015,06:00,7,12000,13.8,SSW,6,0,1015,F,11.9,88.3
3772,21-09-2015,07:00,8,13000,13.9,SSW,8,0,1014,F,11.9,87.6
3772,21-09-2015,08:00,8,9000,13.8,SW,8,0,1014,F,12.3,90.6
3772,21-09-2015,09:00,8,13000,14.3,SSW,9,0,1013,F,12.3,87.7
3772,21-09-2015,10:00,8,45000,14.3,SW,10,0,1013,F,11.6,83.7
3772,21-09-2015,11:00,8,15000,14.5,SSW,13,0,1012,F,11.6,82.6
3772,21-09-2015,12:00,8,35000,14.4,SSW,13,0,1011,F,11.6,83.2
3772,21-09-2015,13:00,10,20000,14.6,SSW,13,0,1010,F,12.2,85.5
3772,21-09-2015,14:00,15,10000,14.0,SSW,10,0,1009,F,13.1,94.3
3772,21-09-2015,14:00,15,10000,14.0,SSW,10,0,1009,F,13.1,94.3
3772,21-09-2015,15:00,15,4100,14.1,SSW,13,0,1008,F,13.5,96.2
3772,21-09-2015,16:00,15,12000,14.2,SSW,9,0,1008,F,13.5,95.5
3772,21-09-2015,17:00,10,25000,14.5,SSW,9,0,1007,F,13.6,94.2
3772,21-09-2015,18:00,7,50000,14.5,WSW,9,0,1006,F,13.0,90.7
3772,21-09-2015,19:00,0,28000,13.7,SW,7,0,1006,F,12.8,94.3
3772,21-09-2015,20:00,2,30000,13.0,WSW,15,0,1006,F,11.3,89.4
3772,21-09-2015,21:00,2,30000,12.2,W,13,0,1006,F,10.4,88.7
3772,21-09-2015,22:00,0,23000,11.6,WSW,11,0,1006,F,9.7,88.1
3772,21-09-2015,23:00,2,21000,10.1,WSW,5,0,1005,F,8.9,92.2
3772,22-09-2015,00:00,7,23000,10.3,SSW,6,0,1004,F,9.1,92.3
3772,22-09-2015,01:00,0,25000,9.9,SW,5,0,1004,F,8.9,93.4
3772,22-09-2015,02:00,7,29000,9.5,S,3,0,1003,F,8.7,94.8
3772,22-09-2015,03:00,8,21000,9.1,ESE,5,0,1001,F,8.5,96.0
3772,22-09-2015,04:00,13,9000,9.8,ESE,3,0,1000,F,9.4,97.4
3772,22-09-2015,05:00,12,13000,10.1,E,3,0,999,F,9.7,97.3
3772,22-09-2015,06:00,8,30000,10.7,E,5,0,998,F,10.3,97.4
3772,22-09-2015,07:00,8,9000,10.7,N,6,0,998,F,10.3,97.4
3772,22-09-2015,08:00,8,12000,10.8,NW,6,0,998,F,10.4,97.3
3772,22-09-2015,09:00,8,20000,11.0,NW,6,0,999,R,10.2,94.8
3772,22-09-2015,10:00,8,11000,11.4,NNW,7,0,999,R,10.7,95.5
3772,22-09-2015,11:00,8,30000,12.9,N,6,0,999,R,10.8,87.1
3772,22-09-2015,12:00,10,45000,13.7,N,8,0,1000,R,10.1,78.9
3772,22-09-2015,13:00,8,40000,14.1,NNW,9,0,1000,R,9.7,74.8
3772,22-09-2015,14:00,8,50000,14.2,NNW,10,0,1001,R,9.7,74.3
3772,22-09-2015,14:00,8,50000,14.2,NNW,10,0,1001,R,9.7,74.3
3772,22-09-2015,15:00,7,24000,14.0,NNW,7,0,1002,R,9.5,74.2
3772,22-09-2015,16:00,7,40000,14.8,NW,8,0,1002,R,9.9,72.4
3772,22-09-2015,17:00,7,45000,12.7,NNW,7,0,1003,R,9.1,78.7
3772,22-09-2015,18:00,7,45000,12.6,WNW,8,0,1004,R,9.8,83.0
3772,22-09-2015,19:00,2,50000,12.0,WNW,8,0,1005,R,9.1,82.4
3772,22-09-2015,20:00,0,50000,11.6,W,9,0,1006,R,8.8,82.9
3772,22-09-2015,21:00,0,35000,11.0,WNW,7,0,1006,R,8.8,86.2
3772,22-09-2015,22:00,0,40000,10.6,W,7,0,1007,R,8.4,86.2
3772,22-09-2015,23:00,0,45000,10.4,W,7,0,1007,R,8.5,88.0
3772,23-09-2015,00:00,0,50000,10.0,W,8,0,1008,R,8.1,87.9
3772,23-09-2015,01:00,0,40000,9.6,WNW,9,0,1008,R,7.7,87.8
3772,23-09-2015,02:00,0,35000,9.2,W,7,0,1008,R,7.5,89.1
3772,23-09-2015,03:00,0,35000,9.0,W,9,0,1009,R,7.4,89.7
3772,23-09-2015,04:00,0,35000,8.9,WNW,8,0,1009,R,7.2,89.0
3772,23-09-2015,05:00,0,24000,8.0,W,7,0,1010,R,6.7,91.4
3772,23-09-2015,06:00,0,30000,8.8,W,9,0,1010,R,7.2,89.6
3772,23-09-2015,07:00,1,30000,9.1,W,6,0,1011,R,7.2,87.8
3772,23-09-2015,08:00,1,35000,10.5,W,9,0,1012,R,7.9,83.9
3772,23-09-2015,09:00,1,30000,12.6,W,9,0,1012,R,8.8,77.5
3772,23-09-2015,10:00,1,40000,14.6,W,13,0,1012,R,9.3,70.4
3772,23-09-2015,11:00,1,35000,15.9,W,14,0,1012,R,9.1,63.8
3772,23-09-2015,12:00,7,40000,17.2,W,16,0,1012,R,7.0,50.8
3772,23-09-2015,13:00,8,35000,17.2,WSW,15,0,1012,F,9.3,59.5
3772,23-09-2015,14:00,7,50000,16.6,W,15,0,1012,F,9.0,60.5
3772,23-09-2015,14:00,7,50000,16.6,W,15,0,1012,F,9.0,60.5
3772,23-09-2015,15:00,8,35000,16.4,WSW,14,0,1012,F,9.2,62.2
3772,23-09-2015,16:00,7,30000,16.5,WSW,14,0,1012,S,8.8,60.2
3772,23-09-2015,17:00,8,45000,16.7,WSW,11,0,1012,R,9.2,61.0
3772,23-09-2015,18:00,8,40000,16.2,SW,9,0,1012,R,9.4,63.8
3772,23-09-2015,19:00,8,45000,15.8,SSW,10,0,1013,R,10.1,68.7
3772,23-09-2015,20:00,8,35000,15.3,SW,11,0,1013,R,10.7,73.8
3772,23-09-2015,21:00,7,26000,15.0,SSW,13,0,1013,R,11.2,77.9
3772,23-09-2015,22:00,8,23000,14.9,SSW,10,0,1013,R,11.7,81.0
3772,23-09-2015,23:00,8,10000,14.6,SSW,9,0,1013,F,12.2,85.5
3772,24-09-2015,00:00,9,11000,14.7,SSW,10,0,1012,F,12.7,87.7
3772,24-09-2015,01:00,8,23000,14.5,SSW,10,0,1012,F,13.4,93.0
3772,24-09-2015,02:00,12,7000,14.5,SSW,13,0,1011,F,13.8,95.5
3772,24-09-2015,03:00,7,11000,14.8,SSW,14,0,1011,F,14.2,96.1
3772,24-09-2015,04:00,12,4400,15.1,SSW,14,0,1011,F,14.4,95.6
3772,24-09-2015,05:00,8,9000,15.3,SSW,13,0,1010,F,14.3,93.7
3772,24-09-2015,06:00,13,2800,13.4,W,13,0,1011,R,12.5,94.2
3772,24-09-2015,07:00,8,40000,13.1,W,14,0,1011,R,11.3,88.8
3772,24-09-2015,08:00,7,30000,13.0,SW,9,0,1012,R,11.2,88.8
3772,24-09-2015,09:00,3,45000,14.6,SW,11,0,1013,R,12.2,85.5
3772,24-09-2015,10:00,7,30000,15.9,WSW,15,0,1013,R,11.7,76.0
3772,24-09-2015,11:00,7,35000,17.1,WSW,14,0,1013,R,11.2,68.0
3772,24-09-2015,12:00,7,20000,17.5,WSW,18,0,1014,R,8.5,55.3
3772,24-09-2015,13:00,3,30000,18.5,WSW,15,0,1014,R,8.2,50.8
3772,24-09-2015,14:00,7,40000,17.4,WSW,18,29,1014,R,8.2,54.5
3772,24-09-2015,14:00,7,40000,17.4,WSW,18,29,1014,R,8.2,54.5
3772,24-09-2015,15:00,7,35000,15.9,W,13,31,1015,R,9.8,66.9
3772,24-09-2015,16:00,7,45000,16.7,W,16,0,1015,R,6.8,51.6
3772,24-09-2015,17:00,3,30000,15.9,WSW,15,0,1015,R,8.2,59.9
3772,24-09-2015,18:00,0,35000,14.9,WSW,11,0,1016,R,8.2,64.0
3772,24-09-2015,19:00,7,30000,14.3,W,16,0,1017,R,7.8,64.7
3772,24-09-2015,20:00,7,35000,13.7,W,13,0,1017,R,8.2,69.1
3772,24-09-2015,21:00,2,30000,12.9,W,14,0,1018,R,7.9,71.4
3772,24-09-2015,22:00,0,26000,12.2,WSW,11,0,1018,R,8.6,78.5
3772,24-09-2015,23:00,7,25000,11.9,WSW,9,0,1019,R,9.0,82.2
3772,25-09-2015,00:00,2,26000,11.0,WSW,9,0,1019,R,8.5,84.4
3772,25-09-2015,01:00,0,20000,10.4,WSW,5,0,1019,R,8.3,86.7
3772,25-09-2015,02:00,0,19000,10.1,WSW,7,0,1019,R,8.5,89.7
3772,25-09-2015,03:00,0,17000,8.8,W,6,0,1019,R,7.2,89.5
3772,25-09-2015,04:00,0,14000,8.7,WSW,5,0,1020,R,7.8,94.0
3772,25-09-2015,05:00,0,16000,9.1,SW,2,0,1020,R,8.3,94.6
3772,25-09-2015,06:00,7,14000,9.8,SW,5,0,1021,R,8.6,92.2
3772,25-09-2015,07:00,1,12000,9.5,WNW,2,0,1021,R,8.4,92.8
3772,25-09-2015,08:00,1,16000,11.3,W,7,0,1022,R,9.4,88.1
3772,25-09-2015,09:00,1,16000,12.8,W,10,0,1022,R,8.7,75.8
3772,25-09-2015,10:00,1,20000,14.6,NW,8,0,1023,R,8.1,64.7
3772,25-09-2015,11:00,1,30000,15.1,WNW,7,0,1023,R,6.4,55.6
3772,25-09-2015,12:00,3,40000,15.5,WNW,7,0,1023,R,5.6,51.2
3772,25-09-2015,13:00,7,35000,15.7,NNW,6,0,1023,R,5.3,49.4
3772,25-09-2015,14:00,3,30000,17.5,WNW,7,0,1023,R,5.1,43.4
3772,25-09-2015,14:00,3,30000,17.5,WNW,7,0,1023,R,5.1,43.4
3772,25-09-2015,15:00,3,24000,16.3,NNW,5,0,1023,R,5.8,49.3
3772,25-09-2015,16:00,3,27000,17.3,WNW,7,0,1023,R,4.6,42.4
3772,25-09-2015,17:00,7,30000,17.0,WNW,5,0,1024,R,5.2,45.1
3772,25-09-2015,18:00,7,24000,15.5,NW,3,0,1024,R,6.1,53.0
3772,25-09-2015,19:00,0,19000,14.1,NNW,3,0,1025,R,6.2,58.5
3772,25-09-2015,20:00,0,13000,12.9,NNW,2,0,1025,R,7.0,66.9
3772,25-09-2015,21:00,0,16000,11.8,NE,3,0,1026,R,6.9,71.5
3772,25-09-2015,22:00,0,13000,10.1,NNW,3,0,1026,R,7.6,84.2
3772,25-09-2015,23:00,0,13000,9.1,NNW,1,0,1026,R,7.4,89.0
3772,26-09-2015,00:00,0,12000,8.4,NW,2,0,1027,R,7.0,90.8
3772,26-09-2015,01:00,0,13000,7.6,NW,2,0,1027,R,6.5,92.6
3772,26-09-2015,02:00,0,14000,7.3,NW,2,0,1027,R,6.4,93.8
3772,26-09-2015,03:00,0,16000,6.9,NNW,2,0,1027,R,6.0,94.0
3772,26-09-2015,04:00,0,15000,6.8,NNW,2,0,1027,R,5.9,93.9
3772,26-09-2015,05:00,7,14000,7.2,NW,3,0,1027,R,5.9,91.3
3772,26-09-2015,06:00,2,14000,6.8,NNW,3,0,1028,R,5.5,91.3
3772,26-09-2015,07:00,7,14000,7.5,NNW,3,0,1028,R,6.0,90.1
3772,26-09-2015,08:00,3,11000,10.2,N,5,0,1028,R,7.0,80.2
3772,26-09-2015,09:00,1,21000,12.5,NNE,5,0,1029,R,7.1,69.2
3772,26-09-2015,10:00,1,15000,14.5,NE,5,0,1029,R,8.1,65.0
3772,26-09-2015,11:00,1,14000,15.6,NNE,5,0,1029,R,6.8,55.2
3772,26-09-2015,12:00,7,29000,16.1,NNE,7,0,1029,F,6.5,52.3
3772,26-09-2015,13:00,3,20000,16.8,ENE,6,0,1028,F,6.1,48.6
3772,26-09-2015,14:00,7,30000,16.8,NE,5,0,1028,F,6.3,49.3
3772,26-09-2015,14:00,7,30000,16.8,NE,5,0,1028,F,6.3,49.3
3772,26-09-2015,15:00,8,26000,17.0,NE,8,0,1028,F,6.7,50.1
3772,26-09-2015,16:00,7,30000,17.4,ENE,6,0,1028,F,6.0,46.4
3772,26-09-2015,17:00,3,30000,16.5,ENE,5,0,1028,R,6.1,49.6
3772,26-09-2015,18:00,2,20000,15.6,NE,3,0,1029,R,6.2,52.9
3772,26-09-2015,19:00,7,17000,15.3,ENE,5,0,1029,R,6.6,55.5
3772,26-09-2015,20:00,7,28000,12.5,E,8,0,1030,R,7.8,72.7
3772,26-09-2015,21:00,2,26000,11.9,E,7,0,1030,R,7.7,75.1
3772,26-09-2015,22:00,0,26000,12.3,ENE,3,0,1030,R,8.3,76.2
3772,26-09-2015,23:00,0,25000,11.2,NNE,3,0,1031,R,7.6,78.1
3772,27-09-2015,00:00,0,17000,10.0,NNE,5,0,1031,R,7.4,83.6
3772,27-09-2015,01:00,0,23000,9.1,NNE,3,0,1031,R,7.0,86.5
3772,27-09-2015,02:00,0,24000,8.7,NNE,3,0,1031,R,6.9,88.4
3772,27-09-2015,03:00,0,23000,8.5,N,3,0,1031,R,6.9,89.5
3772,27-09-2015,04:00,0,23000,7.9,NNE,1,0,1031,R,6.7,91.9
3772,27-09-2015,05:00,0,21000,7.8,NNE,2,0,1032,R,6.7,92.5
3772,27-09-2015,06:00,7,23000,8.8,NE,2,0,1032,R,7.5,91.4
3772,27-09-2015,07:00,7,21000,9.9,NNE,3,0,1033,R,8.1,88.4
3772,27-09-2015,08:00,7,28000,12.4,NE,5,0,1033,R,9.2,80.6
3772,27-09-2015,09:00,7,35000,13.8,NE,7,0,1033,R,9.1,72.9
3772,27-09-2015,10:00,1,27000,16.0,ENE,8,0,1034,R,9.7,65.7
3772,27-09-2015,11:00,7,26000,17.5,ENE,9,0,1033,R,8.8,56.1
3772,27-09-2015,12:00,3,29000,17.9,E,9,0,1034,R,9.3,56.5
3772,27-09-2015,13:00,3,21000,18.4,E,14,0,1033,F,8.0,50.0
3772,27-09-2015,14:00,7,35000,17.7,ENE,11,0,1033,F,8.5,54.1
3772,27-09-2015,14:00,7,35000,17.7,ENE,11,0,1033,F,8.5,54.1
3772,27-09-2015,15:00,1,30000,18.1,E,13,0,1033,F,8.3,52.1
3772,27-09-2015,16:00,1,35000,17.8,E,11,0,1033,R,8.6,54.2
3772,27-09-2015,17:00,1,40000,16.8,E,11,0,1034,R,8.2,56.2
3772,27-09-2015,18:00,0,40000,15.6,ENE,9,0,1035,R,8.9,63.8
3772,27-09-2015,19:00,0,40000,14.3,ENE,8,0,1035,R,9.0,70.0
3772,27-09-2015,20:00,0,35000,13.6,ENE,9,0,1036,R,8.8,72.3
3772,27-09-2015,21:00,0,40000,12.8,ENE,7,0,1035,R,8.8,76.2
3772,27-09-2015,22:00,0,35000,12.4,ENE,6,0,1036,R,9.0,79.4
3772,27-09-2015,23:00,0,35000,11.7,NNE,5,0,1036,F,9.1,83.9
3772,28-09-2015,00:00,0,30000,11.3,NE,6,0,1035,R,9.2,86.7
3772,28-09-2015,01:00,0,27000,10.1,NNE,5,0,1036,F,8.7,90.8
3772,28-09-2015,02:00,0,22000,9.7,NNE,6,0,1036,R,8.6,92.7
3772,28-09-2015,03:00,0,19000,9.8,NNE,6,0,1036,R,8.8,93.3
3772,28-09-2015,04:00,0,18000,9.2,NNE,7,0,1036,R,8.4,94.7
3772,28-09-2015,05:00,0,15000,9.2,NNE,5,0,1036,R,8.5,95.3
3772,28-09-2015,06:00,0,12000,9.2,NE,3,0,1036,R,8.5,95.3
3772,28-09-2015,07:00,1,13000,10.0,NE,3,0,1037,R,9.2,94.7
3772,28-09-2015,08:00,1,17000,12.6,NE,5,0,1037,R,10.5,86.8
3772,28-09-2015,09:00,1,13000,14.7,E,6,0,1037,R,11.5,80.9
3772,28-09-2015,10:00,3,26000,16.3,E,11,0,1037,R,11.3,71.8
3772,28-09-2015,11:00,3,24000,15.7,E,13,0,1037,R,9.8,67.4
3772,28-09-2015,12:00,1,29000,16.8,E,13,0,1036,F,9.5,61.5
3772,28-09-2015,13:00,1,45000,17.9,E,13,0,1036,F,8.7,54.2
3772,28-09-2015,14:00,1,35000,17.8,E,13,0,1036,F,8.5,53.8
3772,28-09-2015,14:00,1,35000,17.8,E,13,0,1036,F,8.5,53.8
3772,28-09-2015,15:00,1,35000,17.6,ENE,13,0,1036,F,7.9,52.3
3772,28-09-2015,16:00,1,35000,16.8,E,17,0,1035,F,7.9,55.0
3772,28-09-2015,17:00,1,30000,15.7,E,14,0,1035,F,8.7,62.5
3772,28-09-2015,18:00,0,35000,15.1,ENE,7,0,1036,F,8.2,62.8
3772,28-09-2015,19:00,2,50000,14.2,ENE,7,0,1035,R,8.3,67.1
3772,28-09-2015,20:00,0,35000,13.8,ENE,8,0,1036,R,9.2,73.3
3772,28-09-2015,21:00,7,35000,13.8,ENE,8,0,1035,F,9.4,74.4
3772,28-09-2015,22:00,8,35000,14.1,ENE,7,0,1035,F,9.6,73.9
3772,28-09-2015,23:00,8,30000,14.1,ENE,6,0,1035,F,9.7,74.4
3772,29-09-2015,00:00,7,30000,13.6,ENE,6,0,1035,F,9.4,75.4
3772,29-09-2015,01:00,0,25000,12.5,NE,3,0,1035,F,9.4,81.0
3772,29-09-2015,02:00,0,29000,12.1,NE,5,0,1035,F,9.3,82.7
3772,29-09-2015,03:00,0,22000,10.8,NNE,5,0,1035,F,8.9,87.8
3772,29-09-2015,04:00,0,21000,10.7,NNE,6,0,1035,F,8.9,88.4
3772,29-09-2015,05:00,0,20000,10.8,NE,6,0,1035,F,9.0,88.4
3772,29-09-2015,06:00,0,16000,10.5,NE,6,0,1035,F,9.0,90.2
3772,29-09-2015,07:00,1,12000,11.2,NE,6,0,1035,R,9.3,87.8
3772,29-09-2015,08:00,1,14000,12.9,NE,7,0,1035,R,9.8,81.2
3772,29-09-2015,09:00,1,14000,15.1,ENE,8,0,1035,R,11.0,76.1
3772,29-09-2015,10:00,1,35000,16.4,ENE,10,0,1035,R,10.2,66.2
3772,29-09-2015,11:00,1,24000,17.4,ENE,13,0,1035,S,9.2,57.9
3772,29-09-2015,12:00,1,30000,18.7,E,16,0,1035,F,8.5,50.8
3772,29-09-2015,13:00,1,24000,18.4,ENE,13,0,1035,F,7.9,49.6
3772,29-09-2015,14:00,1,24000,18.7,ENE,14,0,1034,F,8.0,49.0
3772,29-09-2015,14:00,1,24000,18.7,ENE,14,0,1034,F,8.0,49.0
3772,29-09-2015,15:00,1,17000,18.5,ENE,11,0,1034,F,7.7,48.6
3772,29-09-2015,16:00,1,35000,17.7,ENE,13,0,1033,F,7.7,51.2
3772,29-09-2015,17:00,1,50000,16.6,ENE,10,0,1033,F,7.8,55.3
3772,29-09-2015,18:00,0,35000,15.4,ENE,10,0,1033,F,8.2,61.7
3772,29-09-2015,19:00,0,30000,14.5,ENE,10,0,1033,R,8.7,67.7
3772,29-09-2015,20:00,0,35000,13.8,ENE,9,0,1033,R,9.0,72.4
3772,29-09-2015,21:00,0,28000,13.5,NE,10,0,1034,R,9.7,77.5
3772,29-09-2015,22:00,2,23000,13.2,NE,8,0,1033,R,9.8,79.5
3772,29-09-2015,23:00,2,24000,12.9,ENE,9,0,1033,R,9.4,79.0
3772,30-09-2015,00:00,0,23000,12.3,NE,7,0,1034,F,9.0,79.9
3772,30-09-2015,01:00,0,21000,11.7,NE,6,0,1033,F,8.7,81.5
3772,30-09-2015,02:00,0,30000,11.5,NE,8,0,1033,F,8.5,81.5
3772,30-09-2015,03:00,0,22000,10.7,NNE,7,0,1033,F,8.3,84.8
3772,30-09-2015,04:00,0,22000,10.1,NNE,6,0,1032,F,8.0,86.6
3772,30-09-2015,05:00,0,17000,10.4,NE,5,0,1032,F,8.4,87.2
3772,30-09-2015,06:00,0,16000,10.0,NNE,6,0,1032,F,8.4,89.6
3772,30-09-2015,07:00,1,22000,11.1,NE,6,0,1033,R,9.1,87.2
3772,30-09-2015,08:00,1,18000,12.9,NE,7,0,1033,R,9.7,80.6
3772,30-09-2015,09:00,1,16000,14.6,NE,9,0,1033,R,9.9,73.0
3772,30-09-2015,10:00,1,26000,15.5,ENE,13,0,1033,R,9.4,66.6
3772,30-09-2015,11:00,3,26000,17.4,E,14,0,1033,F,8.8,56.4
3772,30-09-2015,12:00,1,30000,17.7,E,17,29,1032,F,6.0,45.5
3772,30-09-2015,13:00,1,14000,18.1,ENE,16,29,1032,F,4.3,39.2
3772,30-09-2015,14:00,1,27000,18.3,ENE,17,30,1032,F,3.3,36.0
3772,30-09-2015,14:00,1,27000,18.3,ENE,17,30,1032,F,3.3,36.0
3772,30-09-2015,15:00,1,35000,17.9,ENE,15,0,1032,F,4.3,39.7
3772,30-09-2015,16:00,1,28000,17.3,ENE,14,28,1031,F,4.3,41.3
3772,30-09-2015,17:00,1,40000,16.2,ENE,13,0,1031,F,4.8,46.0
3772,30-09-2015,18:00,0,30000,14.9,ENE,11,0,1032,R,6.9,58.1
3772,30-09-2015,19:00,0,29000,14.5,ENE,13,0,1032,R,7.5,62.2
3772,30-09-2015,20:00,0,30000,13.9,NE,8,19,1032,R,8.1,67.5
3772,30-09-2015,21:00,0,30000,13.2,NE,5,0,1033,R,8.8,74.2
3772,30-09-2015,22:00,2,27000,12.6,NE,6,0,1033,R,9.2,79.4
3772,30-09-2015,23:00,0,22000,12.3,NE,7,0,1032,R,9.6,83.3
3772,01-10-2015,00:00,0,20000,11.8,NE,7,0,1032,F,9.7,86.7
3772,01-10-2015,01:00,0,19000,11.3,NNE,6,0,1032,F,9.5,88.6
3772,01-10-2015,02:00,0,15000,10.4,N,6,0,1032,F,9.0,90.9
3772,01-10-2015,03:00,0,12000,9.9,N,6,0,1031,F,8.7,92.1
3772,01-10-2015,04:00,0,11000,9.9,NNE,7,0,1032,F,8.7,92.1
3772,01-10-2015,06:00,0,8000,9.4,NNE,6,0,1032,R,8.1,91.4
3772,01-10-2015,07:00,1,11000,10.1,NNE,3,0,1031,F,8.7,90.8
3772,01-10-2015,08:00,1,18000,12.9,NE,8,0,1032,R,9.8,81.2
3772,01-10-2015,09:00,1,19000,14.7,NE,8,0,1032,R,10.3,74.6
3772,01-10-2015,10:00,3,21000,16.4,ENE,13,0,1032,R,9.8,64.5
3772,01-10-2015,11:00,1,30000,16.1,ENE,11,0,1032,R,8.6,60.5
3772,01-10-2015,12:00,1,26000,17.7,ENE,14,0,1031,F,7.8,51.6
3772,01-10-2015,13:00,3,29000,17.9,NE,13,0,1031,F,7.4,49.6
3772,01-10-2015,14:00,1,27000,18.2,ENE,13,0,1030,F,7.3,48.3
3772,01-10-2015,14:00,1,27000,18.2,ENE,13,0,1030,F,7.3,48.3
3772,01-10-2015,15:00,1,30000,18.6,NE,13,0,1029,F,7.1,46.4
3772,01-10-2015,16:00,1,27000,18.3,ENE,14,0,1029,F,6.8,46.3
3772,01-10-2015,17:00,1,50000,17.5,NE,11,0,1029,F,6.0,46.2
3772,01-10-2015,18:00,0,45000,16.0,ENE,9,0,1029,F,6.5,52.7
3772,01-10-2015,19:00,0,45000,15.0,ENE,8,0,1029,F,6.8,57.4
3772,01-10-2015,20:00,0,35000,13.7,ENE,10,0,1029,R,8.0,68.0
3772,01-10-2015,21:00,7,25000,13.4,NE,10,0,1029,R,9.0,74.3
3772,01-10-2015,22:00,7,26000,13.0,NE,6,0,1029,R,9.5,79.0
3772,01-10-2015,23:00,8,20000,12.8,NE,6,0,1029,F,9.7,81.1
3772,02-10-2015,00:00,7,19000,12.1,NE,6,0,1029,F,9.7,85.1
3772,02-10-2015,01:00,2,19000,11.4,NE,5,0,1028,F,9.5,88.0
3772,02-10-2015,02:00,0,13000,10.3,NNE,5,0,1028,F,9.1,92.2
3772,02-10-2015,03:00,0,11000,9.5,NNE,3,0,1027,F,8.6,94.0
3772,02-10-2015,04:00,5,9000,9.2,NNE,5,0,1027,F,8.5,95.3
3772,02-10-2015,05:00,5,8000,9.0,NNE,5,0,1027,F,8.3,95.3
3772,02-10-2015,06:00,5,7000,8.6,NNE,6,0,1027,F,7.9,95.2
3772,02-10-2015,07:00,5,7000,9.2,NNE,5,0,1027,F,8.4,94.7
3772,02-10-2015,08:00,1,9000,11.2,NNE,6,0,1027,R,9.1,86.7
3772,02-10-2015,09:00,1,11000,13.9,NE,7,0,1026,R,9.4,73.9
3772,02-10-2015,10:00,1,11000,15.4,ENE,8,0,1026,F,9.1,65.7
3772,02-10-2015,11:00,1,12000,16.3,ENE,7,0,1025,F,8.7,60.3
3772,02-10-2015,12:00,1,16000,17.1,ENE,7,0,1025,F,8.6,56.8
3772,02-10-2015,13:00,1,30000,17.8,NE,6,0,1024,F,8.1,52.6
3772,02-10-2015,14:00,1,27000,18.2,NE,6,0,1023,F,8.1,51.2
3772,02-10-2015,14:00,1,27000,18.2,NE,6,0,1023,F,8.1,51.2
3772,02-10-2015,15:00,1,29000,18.5,NE,6,0,1022,F,8.5,51.7
3772,02-10-2015,16:00,1,26000,18.3,NE,6,0,1021,F,8.4,52.0
3772,02-10-2015,17:00,1,26000,17.4,NE,6,0,1021,F,8.4,55.1
3772,02-10-2015,18:00,0,30000,15.9,ENE,6,0,1020,F,8.3,60.3
3772,02-10-2015,19:00,0,26000,13.8,ENE,5,0,1020,F,7.4,65.0
3772,02-10-2015,20:00,0,21000,11.6,E,6,0,1020,F,8.0,78.4
3772,02-10-2015,21:00,0,15000,11.8,ENE,3,0,1020,F,8.4,79.4
3772,02-10-2015,22:00,0,10000,11.5,ENE,6,0,1020,F,8.7,82.8
3772,02-10-2015,23:00,0,8000,10.7,NNE,3,0,1020,F,8.6,86.7
3772,03-10-2015,00:00,2,7000,9.7,N,5,0,1019,F,8.2,90.3
3772,03-10-2015,01:00,0,6000,8.9,N,6,0,1018,F,7.7,92.0
3772,03-10-2015,02:00,0,5000,8.8,N,5,0,1018,F,7.6,92.1
3772,03-10-2015,03:00,7,4900,8.4,N,3,0,1017,F,7.3,92.7
3772,03-10-2015,04:00,8,6000,9.0,N,2,0,1017,F,7.6,90.9
3772,03-10-2015,05:00,7,6000,9.1,NNE,3,0,1016,F,7.5,89.6
3772,03-10-2015,06:00,8,5000,9.3,WNW,1,0,1016,F,7.9,90.9
3772,03-10-2015,07:00,7,4300,9.1,N,6,0,1015,F,8.0,92.7
3772,03-10-2015,08:00,8,3600,9.5,NE,2,0,1016,F,8.5,93.4
3772,03-10-2015,09:00,8,3700,10.2,N,3,0,1016,F,8.8,90.9
3772,03-10-2015,10:00,8,3600,11.5,NNE,3,0,1015,F,9.9,89.9
3772,03-10-2015,11:00,7,4400,13.4,NNE,2,0,1014,F,10.2,80.8
3772,03-10-2015,12:00,7,5000,14.7,SSE,3,0,1014,F,10.8,77.3
3772,03-10-2015,13:00,7,6000,15.8,SW,3,0,1014,F,9.8,67.3
3772,03-10-2015,14:00,7,6000,15.5,SSW,6,0,1013,F,10.7,72.9
3772,03-10-2015,14:00,7,6000,15.5,SSW,6,0,1013,F,10.7,72.9
3772,03-10-2015,15:00,1,8000,15.8,SW,6,0,1013,F,9.4,65.5
3772,03-10-2015,16:00,1,9000,15.6,SW,6,0,1013,F,8.3,61.5
3772,03-10-2015,18:00,0,9000,13.9,WSW,5,0,1013,R,9.4,74.1
3772,03-10-2015,19:00,0,10000,13.3,W,5,0,1013,R,9.1,75.5
3772,03-10-2015,20:00,0,8000,11.8,NW,6,0,1013,R,8.3,79.0
3772,03-10-2015,21:00,0,7000,10.6,NW,3,0,1014,R,7.9,83.2
3772,03-10-2015,22:00,7,7000,10.3,WNW,3,0,1014,R,7.7,83.8
3772,04-10-2015,00:00,0,7000,8.9,WNW,3,0,1015,R,6.7,86.0
3772,04-10-2015,01:00,0,7000,8.1,W,3,0,1015,R,6.8,91.5
3772,04-10-2015,02:00,2,6000,7.9,W,6,0,1015,R,6.5,90.8
3772,04-10-2015,03:00,8,7000,8.3,W,3,0,1015,R,6.6,88.9
3772,04-10-2015,04:00,8,7000,8.4,W,2,0,1015,R,6.5,87.8
3772,04-10-2015,05:00,7,7000,8.1,SSW,3,0,1015,R,6.3,88.3
3772,04-10-2015,06:00,2,8000,8.2,SW,3,0,1015,R,6.5,88.9
3772,04-10-2015,07:00,1,6000,7.7,NE,2,0,1015,R,6.5,92.0
3772,04-10-2015,08:00,1,7000,10.1,ESE,2,0,1015,F,7.3,82.5
3772,04-10-2015,09:00,1,11000,11.1,S,5,0,1015,F,7.4,77.8
3772,04-10-2015,10:00,1,9000,13.6,SW,6,0,1015,R,8.5,71.1
3772,04-10-2015,11:00,1,10000,15.2,S,3,0,1015,F,9.3,67.6
3772,04-10-2015,12:00,1,12000,16.3,S,7,0,1014,F,9.5,63.9
3772,04-10-2015,13:00,3,21000,17.4,S,7,0,1013,F,8.5,55.6
3772,04-10-2015,14:00,3,20000,17.6,SE,7,0,1013,F,8.5,54.9
3772,04-10-2015,14:00,3,20000,17.6,SE,7,0,1013,F,8.5,54.9
3772,04-10-2015,15:00,7,14000,18.0,SSE,8,0,1012,F,9.1,55.8
3772,04-10-2015,16:00,1,17000,16.8,SSE,8,0,1012,F,9.3,61.0
3772,04-10-2015,17:00,1,18000,15.9,SSE,7,0,1012,F,9.7,66.5
3772,04-10-2015,18:00,0,13000,14.3,SE,8,0,1012,F,9.6,73.2
3772,04-10-2015,19:00,0,10000,13.1,E,8,0,1011,F,9.8,80.2
3772,04-10-2015,20:00,7,10000,13.1,E,10,0,1011,F,9.5,78.6
3772,04-10-2015,21:00,8,8000,12.6,E,9,0,1010,F,9.2,79.7
3772,04-10-2015,22:00,7,9000,12.9,E,9,0,1009,F,9.2,78.2
3772,04-10-2015,23:00,8,8000,12.9,E,10,0,1009,F,9.3,78.7
3772,05-10-2015,00:00,8,7000,12.5,E,9,0,1009,F,10.1,85.2
3772,05-10-2015,01:00,8,8000,13.9,ESE,13,0,1008,F,11.4,84.8
3772,05-10-2015,02:00,8,8000,13.9,ESE,11,0,1007,F,11.5,85.3
3772,05-10-2015,03:00,8,10000,14.0,ESE,13,0,1006,F,11.5,84.9
3772,05-10-2015,04:00,8,17000,14.2,SE,14,0,1005,F,11.7,84.8
3772,05-10-2015,05:00,11,19000,13.5,SE,13,0,1006,F,12.6,94.3
3772,05-10-2015,06:00,11,16000,13.7,SE,13,0,1005,F,13.0,95.5
3772,05-10-2015,07:00,11,8000,14.3,SE,15,0,1005,F,13.6,95.5
3772,05-10-2015,08:00,11,11000,15.1,SSE,13,0,1004,F,14.3,94.9
3772,05-10-2015,09:00,11,4400,15.2,SE,9,0,1004,F,14.8,97.5
3772,05-10-2015,10:00,14,3900,16.0,SSE,11,0,1004,F,15.6,97.5
3772,05-10-2015,11:00,11,3400,16.4,SSE,11,0,1004,F,16.1,98.1
3772,05-10-2015,12:00,11,8000,16.7,S,11,0,1004,F,16.1,96.2
3772,05-10-2015,13:00,15,9000,16.9,SSE,11,0,1003,F,16.3,96.3
3772,05-10-2015,14:00,7,8000,16.9,S,10,0,1003,F,16.1,95.0
3772,05-10-2015,15:00,11,22000,17.1,S,10,0,1003,F,16.3,95.0
3772,05-10-2015,16:00,11,10000,17.4,SSE,10,0,1003,F,16.4,93.9
3772,05-10-2015,17:00,15,9000,16.7,SSE,8,0,1002,F,16.0,95.6
3772,05-10-2015,18:00,15,9000,16.4,SE,10,0,1002,F,15.9,96.8
3772,05-10-2015,19:00,15,5000,16.1,SE,10,0,1002,F,15.6,96.8
3772,05-10-2015,20:00,15,8000,16.1,SE,9,0,1002,F,15.4,95.6
3772,05-10-2015,21:00,15,10000,15.9,SE,9,0,1001,F,15.3,96.2
3772,05-10-2015,22:00,15,3000,15.5,SE,10,0,1001,F,15.2,98.1
3772,05-10-2015,23:00,15,3000,15.4,SE,9,0,1000,F,15.2,98.7
3772,06-10-2015,00:00,11,4500,15.6,SE,9,0,1000,F,15.4,98.7
3772,06-10-2015,01:00,7,20000,15.6,SE,7,0,999,F,15.5,99.3
3772,06-10-2015,02:00,8,14000,15.9,SE,7,0,999,F,15.8,99.3
3772,06-10-2015,03:00,8,13000,16.0,SSE,7,0,998,F,15.7,98.1
3772,06-10-2015,04:00,7,11000,15.6,SE,5,0,998,F,15.4,98.7
3772,06-10-2015,05:00,5,9000,15.2,SE,7,0,998,F,15.1,99.3
3772,06-10-2015,06:00,7,10000,14.7,ESE,7,0,997,F,14.3,97.5
3772,06-10-2015,07:00,7,12000,15.4,ESE,8,0,997,F,14.9,96.9
3772,06-10-2015,08:00,12,11000,16.0,ESE,10,0,996,F,15.4,96.2
3772,06-10-2015,09:00,8,10000,16.4,E,9,0,996,F,15.7,95.6
3772,06-10-2015,10:00,8,14000,17.4,SE,13,0,996,F,16.8,96.3
3772,06-10-2015,11:00,8,24000,17.9,SSE,13,0,996,F,15.9,88.1
3772,06-10-2015,12:00,7,30000,18.8,S,16,30,995,F,14.8,77.6
3772,06-10-2015,13:00,3,23000,18.8,S,15,0,995,F,13.4,70.9
3772,06-10-2015,14:00,7,29000,18.4,SSE,14,0,995,F,13.3,72.2
3772,06-10-2015,14:00,7,29000,18.4,SSE,14,0,995,F,13.3,72.2
3772,06-10-2015,15:00,7,18000,17.7,SSE,14,0,995,F,13.8,77.9
3772,06-10-2015,16:00,10,22000,17.1,SSE,14,0,994,F,13.6,79.9
3772,06-10-2015,17:00,12,21000,15.5,ESE,10,0,994,F,14.4,93.2
3772,06-10-2015,18:00,8,30000,14.9,SE,9,0,994,F,14.0,94.3
3772,06-10-2015,19:00,13,9000,14.9,E,5,0,995,R,14.2,95.6
3772,06-10-2015,20:00,13,8000,14.7,S,2,0,995,R,14.2,96.8
3772,06-10-2015,21:00,8,11000,15.0,W,6,0,996,R,14.4,96.2
3772,06-10-2015,22:00,5,9000,14.9,W,8,0,997,R,14.4,96.8
3772,06-10-2015,23:00,5,9000,14.5,W,9,0,998,R,14.1,97.5
3772,07-10-2015,00:00,8,8000,14.5,W,9,0,999,R,14.0,96.8
3772,07-10-2015,01:00,5,9000,14.0,W,10,0,1000,R,13.5,96.8
3772,07-10-2015,02:00,8,6000,13.9,W,9,0,1001,R,13.5,97.4
3772,07-10-2015,03:00,5,6000,14.3,W,9,0,1001,R,13.9,97.5
3772,07-10-2015,04:00,5,10000,14.6,W,7,0,1002,R,14.1,96.8
3772,07-10-2015,05:00,8,10000,14.6,W,9,0,1003,R,13.9,95.5
3772,07-10-2015,06:00,5,8000,14.6,W,10,0,1003,R,13.9,95.5
3772,07-10-2015,07:00,8,13000,14.8,W,8,0,1004,R,13.9,94.3
3772,07-10-2015,08:00,10,17000,14.2,W,14,0,1006,R,13.3,94.3
3772,07-10-2015,09:00,8,13000,14.2,W,14,0,1007,R,13.3,94.3
3772,07-10-2015,10:00,8,5000,14.0,W,15,0,1008,R,12.7,91.8
3772,07-10-2015,11:00,8,30000,14.1,W,13,0,1009,R,12.1,87.7
3772,07-10-2015,12:00,7,35000,14.5,WNW,10,0,1009,R,11.7,83.2
3772,07-10-2015,13:00,11,5000,13.4,W,11,0,1010,R,12.3,93.0
3772,07-10-2015,14:00,8,30000,14.5,W,13,0,1011,R,12.0,84.9
3772,07-10-2015,14:00,8,30000,14.5,W,13,0,1011,R,12.0,84.9
3772,07-10-2015,15:00,7,40000,15.2,W,10,0,1011,R,10.7,74.4
3772,07-10-2015,16:00,8,50000,14.7,WNW,6,0,1012,R,10.5,75.8
3772,07-10-2015,17:00,7,50000,14.3,W,10,0,1013,R,9.7,73.7
3772,07-10-2015,18:00,8,40000,13.7,W,10,0,1014,R,9.2,74.0
3772,07-10-2015,19:00,8,50000,13.3,W,10,0,1015,R,8.7,73.5
3772,07-10-2015,20:00,7,35000,12.5,W,7,0,1015,R,8.4,75.9
3772,07-10-2015,21:00,7,29000,11.2,W,9,0,1016,R,7.7,78.9
3772,07-10-2015,22:00,7,35000,11.2,W,9,0,1017,R,7.4,77.2
3772,07-10-2015,23:00,8,26000,10.5,W,7,0,1017,R,7.7,82.7
3772,08-10-2015,00:00,7,23000,9.0,W,7,0,1017,R,6.8,86.0
3772,08-10-2015,01:00,2,35000,8.9,W,5,0,1018,R,6.7,85.9
3772,08-10-2015,02:00,7,30000,8.5,W,6,0,1018,R,6.6,87.7
3772,08-10-2015,03:00,2,23000,6.4,W,3,0,1018,R,5.1,91.3
3772,08-10-2015,04:00,0,19000,6.7,WSW,5,0,1019,R,5.9,94.6
3772,08-10-2015,05:00,7,25000,6.5,WSW,6,0,1019,R,5.6,93.9
3772,08-10-2015,06:00,0,29000,6.7,W,6,0,1020,R,5.6,92.6
3772,08-10-2015,07:00,1,29000,7.2,W,5,0,1020,R,5.9,91.3
3772,08-10-2015,08:00,1,28000,8.9,WSW,5,0,1020,R,6.8,86.5
3772,08-10-2015,09:00,1,30000,10.8,W,3,0,1021,R,7.5,79.8
3772,08-10-2015,10:00,1,22000,13.2,WNW,2,0,1021,R,8.6,73.4
3772,08-10-2015,11:00,1,35000,14.7,W,3,0,1021,R,8.2,64.7
3772,08-10-2015,12:00,7,26000,15.4,W,6,0,1021,R,8.0,61.0
3772,08-10-2015,13:00,7,35000,16.2,SW,7,0,1022,R,6.9,53.6
3772,08-10-2015,14:00,8,45000,15.7,W,6,0,1021,R,6.9,55.4
3772,08-10-2015,15:00,8,30000,15.6,WNW,8,0,1021,S,7.6,58.5
3772,08-10-2015,16:00,7,35000,15.1,W,7,0,1021,F,8.1,62.6
3772,08-10-2015,17:00,7,26000,14.5,NW,2,0,1022,R,8.7,67.9
3772,08-10-2015,18:00,8,27000,13.8,WNW,1,0,1022,R,8.7,71.0
3772,08-10-2015,19:00,8,18000,14.1,WNW,2,0,1022,R,9.0,71.1
3772,08-10-2015,20:00,8,30000,14.4,SSW,2,0,1022,R,8.8,68.7
3772,08-10-2015,21:00,8,24000,13.5,SW,6,0,1023,R,8.9,73.4
3772,08-10-2015,22:00,8,23000,12.9,SW,5,0,1023,R,9.6,80.1
3772,08-10-2015,23:00,8,20000,11.4,WSW,3,0,1023,R,9.7,89.2
3772,09-10-2015,00:00,8,19000,11.4,NW,2,0,1023,R,9.7,89.2
3772,09-10-2015,01:00,8,21000,11.0,W,3,0,1023,F,9.5,90.3
3772,09-10-2015,02:00,0,17000,9.9,WNW,1,0,1023,F,8.9,93.4
3772,09-10-2015,03:00,0,12000,8.7,NW,1,0,1023,F,8.1,95.9
3772,09-10-2015,04:00,5,11000,8.0,NNE,1,0,1022,F,7.5,96.6
3772,09-10-2015,05:00,0,12000,7.6,NNW,2,0,1022,F,7.2,97.3
3772,09-10-2015,06:00,7,2800,6.7,NNW,3,0,1023,R,6.3,97.1
3772,09-10-2015,07:00,5,8000,6.8,NW,3,0,1023,R,6.5,98.0
3772,09-10-2015,08:00,1,11000,8.5,NW,2,0,1023,R,8.1,97.3
3772,09-10-2015,09:00,1,10000,12.5,ENE,1,0,1023,R,9.3,80.6
3772,09-10-2015,10:00,1,11000,13.5,E,2,0,1023,R,8.9,73.4
3772,09-10-2015,11:00,1,13000,16.0,ESE,2,0,1023,F,9.2,63.7
3772,09-10-2015,12:00,1,30000,16.1,E,3,0,1023,F,7.8,57.4
3772,09-10-2015,13:00,3,18000,16.3,E,3,0,1022,F,7.6,55.9
3772,09-10-2015,14:00,7,28000,16.3,NE,5,0,1022,F,6.4,51.4
3772,09-10-2015,14:00,7,28000,16.3,NE,5,0,1022,F,6.4,51.4
3772,09-10-2015,15:00,7,35000,16.8,E,6,0,1022,F,6.2,49.1
3772,09-10-2015,16:00,7,35000,15.4,ENE,6,0,1021,F,7.3,58.1
3772,09-10-2015,17:00,1,29000,14.5,ENE,2,0,1021,F,7.6,62.9
3772,09-10-2015,18:00,0,23000,13.9,ENE,3,0,1022,R,7.9,66.8
3772,09-10-2015,19:00,0,22000,12.4,E,3,0,1022,R,7.4,71.3
3772,09-10-2015,20:00,0,18000,12.2,ENE,3,0,1022,R,8.7,79.0
3772,09-10-2015,21:00,0,12000,11.0,NNE,2,0,1022,R,8.5,84.4
3772,09-10-2015,22:00,0,14000,10.1,NNE,5,0,1022,R,8.4,89.0
3772,09-10-2015,23:00,0,14000,9.8,NNE,5,0,1022,F,8.4,90.8
3772,10-10-2015,00:00,0,15000,9.2,N,3,0,1022,F,7.9,91.5
3772,10-10-2015,01:00,0,15000,8.5,N,3,0,1022,F,7.5,93.3
3772,10-10-2015,02:00,2,18000,8.5,NE,3,0,1022,F,7.8,95.3
3772,10-10-2015,03:00,2,19000,8.8,NNE,3,0,1021,F,8.0,94.7
3772,10-10-2015,04:00,2,15000,8.7,NNE,3,0,1021,F,8.0,95.4
3772,10-10-2015,05:00,0,15000,8.0,NNE,3,0,1021,F,7.3,95.2
3772,10-10-2015,06:00,7,13000,8.6,NNE,5,0,1021,F,8.0,96.0
3772,10-10-2015,07:00,8,25000,9.2,NNE,2,0,1021,F,8.3,94.0
3772,10-10-2015,08:00,8,26000,10.7,NE,7,0,1021,F,9.0,89.1
3772,10-10-2015,09:00,7,24000,12.5,NE,8,0,1021,S,9.9,84.0
3772,10-10-2015,10:00,7,21000,13.4,NE,7,0,1020,F,10.1,80.2
3772,10-10-2015,11:00,8,11000,14.5,NE,8,0,1020,F,10.7,77.7
3772,10-10-2015,12:00,7,15000,15.2,ENE,10,0,1019,F,10.3,72.3
3772,10-10-2015,13:00,7,18000,15.7,NE,8,0,1019,F,10.4,70.5
3772,10-10-2015,14:00,8,19000,16.0,ENE,7,0,1018,F,10.9,71.5
3772,10-10-2015,14:00,8,19000,16.0,ENE,7,0,1018,F,10.9,71.5
3772,10-10-2015,15:00,8,24000,16.1,ENE,9,0,1018,F,10.8,70.5
3772,10-10-2015,16:00,7,30000,15.6,ENE,8,0,1018,F,10.0,69.0
3772,10-10-2015,17:00,7,30000,14.9,ENE,8,0,1018,F,10.1,72.7
3772,10-10-2015,18:00,8,22000,14.3,ENE,9,0,1018,R,10.1,75.6
3772,10-10-2015,19:00,8,15000,13.7,ENE,9,0,1018,R,10.4,80.3
3772,10-10-2015,20:00,8,14000,13.2,ENE,8,0,1018,F,10.5,83.5
3772,10-10-2015,21:00,8,13000,12.7,ENE,9,0,1018,F,10.5,86.4
3772,10-10-2015,22:00,8,11000,12.3,ENE,6,0,1017,F,10.4,88.1
3772,10-10-2015,23:00,7,10000,11.8,NE,5,0,1017,F,10.2,89.8
3772,11-10-2015,00:00,2,9000,11.2,NNE,6,0,1017,F,9.8,91.0
3772,11-10-2015,01:00,7,8000,11.7,NE,6,0,1017,F,9.8,88.1
3772,11-10-2015,02:00,7,7000,11.1,NNE,6,0,1017,F,9.4,89.1
3772,11-10-2015,03:00,7,5000,10.8,NE,6,0,1017,F,9.3,90.4
3772,11-10-2015,04:00,8,5000,10.9,NE,3,0,1017,F,9.4,90.4
3772,11-10-2015,05:00,8,5000,10.5,NE,5,0,1017,F,9.2,91.6
3772,11-10-2015,06:00,8,4000,9.7,NNE,2,0,1017,F,8.7,93.4
3772,11-10-2015,07:00,8,5000,9.8,NE,6,0,1017,F,8.6,92.2
3772,11-10-2015,08:00,8,7000,10.6,NE,7,0,1017,R,8.3,85.5
3772,11-10-2015,09:00,8,8000,12.6,NE,8,0,1017,R,8.9,78.0
3772,11-10-2015,10:00,8,9000,14.1,NE,9,0,1017,R,8.9,70.7
3772,11-10-2015,11:00,8,14000,13.8,NE,10,0,1017,F,7.6,65.9
3772,11-10-2015,12:00,8,11000,15.1,NE,11,0,1017,F,7.7,61.0
3772,11-10-2015,13:00,8,18000,14.9,NE,10,0,1017,F,6.9,58.4
3772,11-10-2015,13:00,8,18000,14.9,NE,10,0,1017,F,6.9,58.4
3772,11-10-2015,14:00,8,23000,14.7,NE,8,0,1016,F,6.5,57.6
3772,11-10-2015,15:00,8,24000,14.9,NE,10,0,1016,F,6.5,56.8
3772,11-10-2015,16:00,8,18000,14.1,NE,8,0,1016,F,5.6,56.2
3772,11-10-2015,17:00,8,20000,13.4,NE,8,0,1016,R,5.9,60.1
3772,11-10-2015,18:00,8,20000,12.4,NNE,5,0,1017,R,6.2,65.6
3772,11-10-2015,19:00,8,16000,11.9,NE,7,0,1017,R,6.2,67.8
3772,11-10-2015,20:00,8,17000,11.3,NE,6,0,1017,R,5.5,67.2
3772,11-10-2015,21:00,8,20000,10.6,NE,6,0,1018,R,5.1,68.5
3772,11-10-2015,22:00,8,18000,10.0,NNE,3,0,1018,R,5.0,70.8
3772,11-10-2015,23:00,8,21000,9.5,NNE,3,0,1018,R,5.2,74.3
3772,12-10-2015,00:00,8,19000,9.1,N,5,0,1018,R,5.3,76.9
3772,12-10-2015,01:00,8,16000,8.6,N,5,0,1018,F,5.4,80.1
3772,12-10-2015,02:00,8,14000,8.3,N,5,0,1018,S,5.5,82.4
3772,12-10-2015,03:00,8,14000,8.3,N,6,0,1018,F,5.6,82.9
3772,12-10-2015,04:00,8,14000,8.7,N,7,0,1018,R,5.7,81.2
3772,12-10-2015,05:00,8,12000,9.0,N,5,0,1018,R,5.9,80.7
3772,12-10-2015,06:00,0,12000,8.3,N,3,0,1019,R,5.7,83.5
3772,12-10-2015,07:00,7,11000,8.2,N,6,0,1019,R,5.8,84.7
3772,12-10-2015,08:00,8,11000,9.5,NNE,6,0,1019,R,6.3,80.2
3772,12-10-2015,09:00,8,12000,10.7,N,6,0,1020,R,6.4,74.4
3772,12-10-2015,10:00,7,13000,12.1,N,8,0,1020,R,5.6,64.1
3772,12-10-2015,11:00,7,18000,12.1,NNE,10,0,1020,R,5.6,64.1
3772,12-10-2015,12:00,7,20000,13.4,NE,8,0,1020,R,6.1,60.9
3772,12-10-2015,13:00,7,22000,13.3,N,7,0,1019,F,5.2,57.5
3772,12-10-2015,13:00,7,22000,13.3,N,7,0,1019,F,5.2,57.5
3772,12-10-2015,14:00,3,24000,14.2,N,10,0,1019,F,5.3,54.6
3772,12-10-2015,15:00,1,28000,14.3,NNW,8,0,1019,F,4.9,52.8
3772,12-10-2015,16:00,1,30000,13.9,N,10,0,1019,F,4.5,52.6
3772,12-10-2015,18:00,0,22000,11.7,N,3,0,1020,R,5.2,64.0
3772,12-10-2015,19:00,7,19000,11.5,NW,5,0,1020,R,6.1,69.1
3772,12-10-2015,20:00,8,16000,11.3,NNW,5,0,1020,R,6.6,72.6
3772,12-10-2015,21:00,2,17000,10.6,N,6,0,1020,R,6.7,76.5
3772,12-10-2015,22:00,0,16000,9.9,N,7,0,1021,R,6.6,79.8
3772,12-10-2015,23:00,0,13000,8.6,NNW,6,0,1020,R,6.3,85.2
3772,13-10-2015,00:00,0,28000,8.2,NNW,6,0,1020,R,5.7,84.1
3772,13-10-2015,01:00,2,27000,8.1,NNW,6,0,1020,F,5.5,83.4
3772,13-10-2015,02:00,7,22000,8.4,N,6,0,1021,R,5.7,82.9
3772,13-10-2015,03:00,8,19000,8.5,N,7,0,1021,R,6.1,84.7
3772,13-10-2015,04:00,0,19000,8.1,NNW,7,0,1021,R,5.8,85.3
3772,13-10-2015,05:00,0,22000,8.0,NNW,8,0,1021,R,5.4,83.5
3772,13-10-2015,06:00,7,16000,7.9,N,8,0,1021,R,5.5,84.6
3772,13-10-2015,07:00,8,19000,8.5,N,10,0,1022,R,5.9,83.5
3772,13-10-2015,08:00,1,18000,9.1,N,8,0,1023,R,6.3,82.4
3772,13-10-2015,09:00,3,23000,10.6,N,11,0,1023,R,6.3,74.4
3772,13-10-2015,10:00,7,20000,10.9,N,10,0,1023,R,6.3,72.9
3772,13-10-2015,11:00,8,17000,11.5,NNE,9,0,1023,R,6.4,70.5
3772,13-10-2015,12:00,7,30000,12.7,NNE,9,0,1023,R,5.8,62.4
3772,13-10-2015,13:00,8,21000,12.9,NNE,13,24,1023,R,4.9,57.8
3772,13-10-2015,13:00,8,21000,12.9,NNE,13,24,1023,R,4.9,57.8
3772,13-10-2015,14:00,7,23000,12.0,NNE,13,0,1023,R,4.5,59.6
3772,13-10-2015,15:00,8,28000,12.1,NNE,14,0,1024,R,4.7,60.1
3772,13-10-2015,16:00,8,29000,12.2,NNE,8,0,1024,R,4.2,57.5
3772,13-10-2015,17:00,10,30000,11.5,NE,10,0,1024,R,4.3,60.8
3772,13-10-2015,18:00,8,30000,10.9,N,7,0,1025,R,4.6,64.6
3772,13-10-2015,19:00,8,30000,10.5,N,7,0,1025,R,4.6,66.4
3772,13-10-2015,20:00,7,30000,10.0,N,6,0,1025,R,4.9,70.2
3772,13-10-2015,21:00,8,35000,9.3,NNW,6,0,1025,R,5.3,75.7
3772,13-10-2015,22:00,8,25000,9.3,N,6,0,1025,R,5.2,75.2
3772,13-10-2015,23:00,0,18000,8.4,N,6,0,1025,S,5.2,80.0
3772,14-10-2015,00:00,0,35000,7.6,N,5,0,1025,F,4.9,82.8
3772,14-10-2015,01:00,0,28000,7.4,N,7,0,1025,F,4.8,83.3
3772,14-10-2015,02:00,0,35000,6.6,NNW,5,0,1025,F,4.5,86.2
3772,14-10-2015,03:00,0,25000,5.6,NNW,5,0,1024,F,4.1,89.9
3772,14-10-2015,04:00,0,26000,5.7,NW,5,0,1024,F,4.0,88.6
3772,14-10-2015,05:00,0,25000,5.9,NNW,5,0,1024,F,4.1,88.1
3772,14-10-2015,06:00,0,26000,6.8,NNW,6,0,1024,F,4.5,85.0
3772,14-10-2015,07:00,1,28000,6.8,NNW,6,0,1024,F,4.5,85.0
3772,14-10-2015,08:00,1,29000,8.2,N,7,0,1024,F,5.2,81.1
3772,14-10-2015,09:00,1,30000,10.0,N,10,0,1024,F,5.7,74.3
3772,14-10-2015,10:00,1,30000,11.9,NNE,9,0,1023,F,6.7,70.1
3772,14-10-2015,11:00,7,24000,12.1,N,11,24,1023,F,6.3,67.3
3772,14-10-2015,12:00,7,30000,12.8,N,11,0,1022,F,6.0,62.8
3772,14-10-2015,13:00,7,30000,13.5,N,11,0,1022,F,6.0,60.1
3772,14-10-2015,13:00,7,30000,13.5,N,11,0,1022,F,6.0,60.1
3772,14-10-2015,14:00,7,40000,11.3,N,8,0,1022,F,8.3,81.6
3772,14-10-2015,15:00,7,35000,12.8,N,9,0,1021,F,7.9,71.8
3772,14-10-2015,16:00,8,35000,12.0,N,10,0,1021,F,6.6,69.1
3772,14-10-2015,17:00,7,35000,11.8,N,8,0,1021,F,7.4,74.2
3772,14-10-2015,18:00,13,12000,11.2,N,10,0,1021,R,7.5,77.7
3772,14-10-2015,19:00,7,26000,10.5,N,7,0,1021,R,7.7,82.6
3772,14-10-2015,20:00,7,26000,10.0,N,8,0,1021,R,7.6,84.9
3772,14-10-2015,21:00,8,30000,10.1,N,9,0,1021,S,7.7,84.9
3772,14-10-2015,22:00,8,24000,10.0,N,6,0,1021,F,7.9,86.6
3772,14-10-2015,23:00,8,21000,9.9,N,6,0,1021,F,8.0,87.9
3772,15-10-2015,00:00,7,20000,9.7,NNW,7,0,1021,F,7.9,88.4
3772,15-10-2015,01:00,7,20000,9.4,N,7,0,1021,F,7.7,89.1
3772,15-10-2015,02:00,8,19000,9.2,NNW,7,0,1021,F,7.7,90.2
3772,15-10-2015,03:00,8,26000,9.6,N,7,0,1020,F,7.8,88.4
3772,15-10-2015,04:00,8,18000,9.5,N,8,0,1020,F,7.5,87.2
3772,15-10-2015,05:00,8,19000,9.4,N,7,0,1020,F,7.5,87.8
3772,15-10-2015,06:00,8,14000,9.5,N,6,0,1020,R,7.7,88.4
3772,15-10-2015,07:00,8,14000,9.5,NNE,6,0,1020,R,7.7,88.4
3772,15-10-2015,08:00,7,13000,9.5,NNE,7,0,1021,R,7.7,88.3
3772,15-10-2015,09:00,7,18000,10.5,NNE,7,0,1021,R,7.6,82.0
3772,15-10-2015,10:00,3,18000,11.6,NE,11,0,1021,R,6.4,70.1
3772,15-10-2015,11:00,3,30000,12.5,NE,10,0,1021,R,5.4,61.5
3772,15-10-2015,12:00,7,40000,12.5,NE,9,0,1021,R,5.1,60.2
3772,15-10-2015,13:00,7,30000,13.1,NNE,7,0,1021,R,5.2,58.2
3772,15-10-2015,13:00,7,30000,13.1,NNE,7,0,1021,R,5.2,58.2
3772,15-10-2015,14:00,8,30000,12.1,N,8,0,1021,F,5.9,65.4
3772,15-10-2015,15:00,8,29000,12.1,N,7,0,1021,F,6.5,68.3
3772,15-10-2015,16:00,8,23000,11.8,NNW,7,0,1021,F,7.3,73.6
3772,15-10-2015,17:00,7,16000,11.4,NNW,6,0,1021,F,7.8,78.3
3772,15-10-2015,18:00,12,16000,11.2,N,7,0,1021,R,8.5,83.2
3772,15-10-2015,19:00,12,18000,11.2,N,8,0,1021,R,9.1,86.7
3772,15-10-2015,20:00,7,26000,11.0,N,8,0,1022,R,8.5,84.4
3772,15-10-2015,21:00,9,16000,10.7,N,8,0,1022,R,8.8,87.9
3772,15-10-2015,22:00,8,12000,11.0,NNW,8,0,1022,R,8.8,86.1
3772,15-10-2015,23:00,8,15000,10.8,N,10,0,1021,F,8.7,86.7
3772,16-10-2015,00:00,8,17000,10.9,N,11,0,1021,F,8.6,85.6
3772,16-10-2015,01:00,8,16000,10.9,N,13,0,1021,F,8.7,86.2
3772,16-10-2015,02:00,8,18000,10.8,N,10,0,1021,F,8.6,86.1
3772,16-10-2015,03:00,8,15000,11.1,N,9,0,1021,F,8.6,84.4
3772,16-10-2015,04:00,8,16000,11.2,N,9,0,1021,F,8.6,83.8
3772,16-10-2015,05:00,8,15000,11.2,N,9,0,1021,F,8.4,82.6
3772,16-10-2015,06:00,8,14000,11.2,N,10,0,1021,F,8.5,83.2
3772,16-10-2015,07:00,8,15000,11.4,N,9,0,1021,R,8.6,82.7
3772,16-10-2015,08:00,8,12000,11.1,N,11,0,1021,R,9.1,87.3
3772,16-10-2015,09:00,8,12000,11.7,N,13,0,1021,R,9.0,83.3
3772,16-10-2015,10:00,8,12000,12.4,N,14,0,1021,R,9.0,79.6
3772,16-10-2015,11:00,7,12000,13.3,NNE,11,0,1021,R,8.7,73.4
3772,16-10-2015,12:00,8,14000,13.3,NNE,13,29,1021,F,8.6,72.9
3772,16-10-2015,13:00,8,14000,13.2,NNE,13,0,1021,F,8.9,74.9
3772,16-10-2015,13:00,8,14000,13.2,NNE,13,0,1021,F,8.9,74.9
3772,16-10-2015,14:00,8,15000,13.4,NNE,11,0,1021,F,8.8,73.4
3772,16-10-2015,15:00,8,13000,13.3,NNE,10,0,1021,F,8.9,74.4
3772,16-10-2015,16:00,8,13000,13.3,NNE,8,0,1021,R,8.0,70.0
3772,16-10-2015,17:00,7,14000,12.9,N,10,0,1021,R,8.5,74.3
3772,16-10-2015,18:00,8,14000,12.6,N,8,0,1022,R,8.6,76.4
3772,16-10-2015,19:00,8,13000,12.2,N,9,0,1022,R,8.8,79.5
3772,16-10-2015,20:00,7,12000,12.0,N,10,0,1022,R,8.9,81.1
3772,16-10-2015,21:00,8,12000,11.5,N,8,0,1022,R,9.0,84.5
3772,16-10-2015,22:00,8,13000,11.6,N,9,0,1022,R,8.4,80.5
3772,16-10-2015,23:00,8,13000,11.4,N,7,0,1022,R,8.2,80.5
3772,17-10-2015,00:00,8,11000,10.9,N,7,0,1022,F,8.7,86.2
3772,17-10-2015,01:00,8,13000,11.0,N,8,0,1021,F,8.4,83.8
3772,17-10-2015,02:00,7,13000,10.9,N,8,0,1021,F,8.2,83.3
3772,17-10-2015,03:00,7,14000,10.8,N,8,0,1021,F,8.1,83.2
3772,17-10-2015,04:00,8,15000,10.7,N,9,0,1020,F,7.9,82.7
3772,17-10-2015,05:00,8,14000,10.7,N,8,0,1020,F,7.9,82.7
3772,17-10-2015,06:00,8,13000,10.6,N,9,0,1020,F,7.7,82.1
3772,17-10-2015,07:00,8,17000,10.6,N,8,0,1020,F,7.3,79.8
3772,17-10-2015,08:00,8,19000,10.7,N,9,0,1020,R,7.1,78.2
3772,17-10-2015,09:00,8,18000,11.2,N,9,0,1020,R,7.1,75.5
3772,17-10-2015,10:00,8,28000,11.6,N,7,0,1020,R,6.6,71.1
3772,17-10-2015,11:00,8,14000,11.8,NNE,13,0,1020,F,6.8,71.1
3772,17-10-2015,12:00,8,21000,12.0,N,13,0,1020,F,6.9,70.6
3772,17-10-2015,13:00,8,28000,12.2,N,10,0,1020,F,6.9,69.8
3772,17-10-2015,13:00,8,28000,12.2,N,10,0,1020,F,6.9,69.8
3772,17-10-2015,14:00,8,30000,12.8,N,11,0,1019,F,6.9,67.0
3772,17-10-2015,15:00,8,22000,12.4,N,9,0,1019,F,7.4,71.3
3772,17-10-2015,16:00,7,19000,12.3,N,9,0,1019,F,7.3,71.2
3772,17-10-2015,17:00,8,21000,12.1,NNE,9,0,1019,F,7.5,73.2
3772,17-10-2015,18:00,8,17000,11.7,N,8,0,1019,S,7.5,75.2
3772,17-10-2015,19:00,8,19000,11.7,N,8,0,1019,R,7.8,76.7
3772,17-10-2015,20:00,8,20000,11.3,N,9,0,1019,R,8.3,81.6
3772,17-10-2015,21:00,8,26000,11.0,N,8,0,1019,R,8.7,85.6
3772,17-10-2015,22:00,8,21000,10.9,NNE,7,0,1019,R,9.0,88.0
3772,17-10-2015,23:00,8,18000,10.9,N,6,0,1019,F,9.2,89.2
3772,18-10-2015,00:00,8,18000,11.1,N,5,0,1019,F,9.4,89.1
3772,18-10-2015,01:00,8,13000,11.2,N,5,0,1019,S,9.7,90.4
3772,18-10-2015,02:00,8,15000,11.3,N,5,0,1019,F,9.9,91.0
3772,18-10-2015,03:00,8,18000,11.3,N,6,0,1019,F,10.0,91.6
3772,18-10-2015,04:00,8,16000,11.3,NNE,6,0,1019,F,10.0,91.6
3772,18-10-2015,05:00,8,15000,11.3,NNE,6,0,1019,R,10.0,91.6
3772,18-10-2015,06:00,8,16000,11.3,NNE,6,0,1019,R,9.9,91.0
3772,18-10-2015,07:00,7,16000,11.1,NNE,5,0,1020,R,9.6,90.4
3772,18-10-2015,08:00,1,13000,11.2,NNE,6,0,1020,R,9.7,90.4
3772,18-10-2015,09:00,7,15000,12.1,NNE,7,0,1021,R,9.6,84.6
3772,18-10-2015,10:00,7,20000,12.9,N,8,0,1021,R,9.5,79.6
3772,18-10-2015,11:00,7,20000,13.9,NNE,8,0,1021,R,9.2,73.1
3772,18-10-2015,12:00,8,23000,14.0,N,7,0,1021,S,9.2,72.5
3772,18-10-2015,13:00,7,30000,15.4,NNE,8,0,1020,F,8.6,63.5
3772,18-10-2015,13:00,7,30000,15.4,NNE,8,0,1020,F,8.6,63.5
3772,18-10-2015,14:00,3,35000,14.8,NNE,9,0,1020,F,8.7,66.5
3772,18-10-2015,15:00,7,35000,14.4,N,7,0,1020,F,9.2,70.7
3772,18-10-2015,16:00,8,24000,13.8,N,6,0,1021,R,9.8,76.6
3772,18-10-2015,17:00,10,6000,12.6,NNE,6,0,1021,R,11.1,90.5
3772,18-10-2015,18:00,8,18000,12.7,N,3,0,1021,R,11.3,91.1
3772,18-10-2015,19:00,8,27000,12.7,NNE,3,0,1022,R,11.0,89.3
3772,18-10-2015,20:00,8,30000,12.6,NNE,5,0,1022,R,10.5,86.9
3772,18-10-2015,21:00,7,23000,12.4,NNE,6,0,1022,R,10.5,88.1
3772,18-10-2015,22:00,8,23000,11.9,NNE,6,0,1022,R,9.4,84.4
3772,18-10-2015,23:00,8,22000,11.7,N,5,0,1023,R,9.5,86.3
3772,19-10-2015,00:00,8,21000,11.5,NNE,7,0,1023,R,9.5,87.4
3772,19-10-2015,01:00,8,25000,11.4,N,3,0,1023,R,9.4,87.4
3772,19-10-2015,02:00,8,21000,11.3,N,3,0,1023,S,9.5,88.6
3772,19-10-2015,03:00,8,17000,11.3,NNE,3,0,1023,R,9.8,90.4
3772,19-10-2015,04:00,8,17000,11.4,NNE,5,0,1023,R,9.9,90.4
3772,19-10-2015,05:00,8,16000,11.4,NNE,5,0,1023,R,9.9,90.4
3772,19-10-2015,06:00,8,14000,11.5,NNE,3,0,1023,R,9.9,89.8
3772,19-10-2015,07:00,8,15000,11.7,N,5,0,1024,R,9.9,88.7
3772,19-10-2015,08:00,8,12000,11.8,N,6,0,1024,R,10.0,88.5
3772,19-10-2015,09:00,8,14000,12.1,N,7,0,1025,R,10.2,88.0
3772,19-10-2015,10:00,8,17000,12.3,N,9,0,1025,R,10.0,85.7
3772,19-10-2015,11:00,8,16000,12.9,NNE,8,0,1025,R,10.1,82.9
3772,19-10-2015,12:00,8,30000,13.6,NNE,8,0,1024,F,10.3,80.2
3772,19-10-2015,13:00,8,35000,14.1,N,7,0,1024,F,9.9,75.6
3772,19-10-2015,13:00,8,35000,14.1,N,7,0,1024,F,9.9,75.6
3772,19-10-2015,14:00,8,30000,13.9,N,7,0,1024,F,10.0,77.1
3772,19-10-2015,15:00,8,25000,12.9,N,7,0,1024,S,10.0,82.3
3772,19-10-2015,16:00,8,30000,13.1,N,6,0,1025,R,9.6,79.1
3772,19-10-2015,17:00,8,35000,12.8,N,5,0,1025,R,9.0,77.3
3772,19-10-2015,18:00,8,27000,12.6,NNW,5,0,1025,R,9.1,79.0
3772,19-10-2015,19:00,7,24000,11.6,NNW,5,0,1026,R,8.8,82.7
3772,19-10-2015,20:00,0,15000,10.6,NNW,6,0,1026,R,8.7,87.8
3772,19-10-2015,21:00,0,18000,10.0,N,3,0,1026,R,8.1,87.8
3772,19-10-2015,22:00,7,21000,10.0,N,3,0,1026,R,8.1,87.8
3772,19-10-2015,23:00,8,18000,10.7,N,5,0,1026,F,8.3,84.8
3772,20-10-2015,00:00,8,21000,10.6,NNE,3,0,1026,R,8.3,85.4
3772,20-10-2015,01:00,8,20000,10.8,NNW,5,0,1026,F,8.6,86.1
3772,20-10-2015,02:00,8,22000,10.7,N,3,0,1026,F,8.7,87.3
3772,20-10-2015,03:00,2,13000,9.4,N,5,0,1026,R,8.1,91.4
3772,20-10-2015,04:00,2,15000,8.7,NE,2,0,1026,F,7.8,94.0
3772,20-10-2015,05:00,7,14000,8.7,N,2,0,1026,R,7.7,93.3
3772,20-10-2015,06:00,0,13000,8.0,N,3,0,1026,R,7.2,94.6
3772,20-10-2015,07:00,7,15000,8.6,NW,5,0,1027,R,7.6,93.3
3772,20-10-2015,08:00,8,11000,9.1,WNW,3,0,1027,R,7.7,90.8
3772,20-10-2015,09:00,8,9000,10.4,WNW,3,0,1027,R,8.4,87.2
3772,20-10-2015,10:00,8,9000,11.7,WNW,5,0,1027,R,9.1,83.9
3772,20-10-2015,11:00,8,20000,13.0,NNW,7,0,1027,R,8.2,72.2
3772,20-10-2015,12:00,3,22000,14.1,N,7,0,1027,F,6.7,60.5
3772,20-10-2015,13:00,1,22000,14.4,NNW,8,0,1027,F,6.6,58.9
3772,20-10-2015,13:00,1,22000,14.4,NNW,8,0,1027,F,6.6,58.9
3772,20-10-2015,14:00,3,27000,14.6,NNW,6,0,1026,F,7.2,60.6
3772,20-10-2015,15:00,3,35000,15.9,NW,7,0,1026,F,6.5,53.1
3772,20-10-2015,16:00,7,30000,14.7,NW,6,0,1026,F,7.0,59.4
3772,20-10-2015,17:00,3,23000,13.5,NW,3,0,1026,F,7.3,65.6
3772,20-10-2015,18:00,2,23000,12.8,W,2,0,1026,F,7.3,68.8
3772,20-10-2015,19:00,0,27000,11.7,W,5,0,1026,F,7.2,73.6
3772,20-10-2015,20:00,0,22000,11.1,W,5,0,1026,F,7.5,78.1
3772,20-10-2015,21:00,0,23000,10.3,WSW,6,0,1025,F,7.2,80.8
3772,20-10-2015,22:00,2,21000,10.0,W,3,0,1025,F,6.9,80.9
3772,20-10-2015,23:00,7,14000,8.7,WSW,3,0,1025,F,6.7,87.1
3772,21-10-2015,00:00,7,14000,8.7,SSW,3,0,1024,F,6.9,88.4
3772,21-10-2015,01:00,8,12000,8.8,SW,5,0,1024,F,7.5,91.4
3772,21-10-2015,02:00,8,10000,9.1,SSW,5,0,1023,F,7.7,90.8
3772,21-10-2015,03:00,9,9000,9.6,SSW,7,0,1022,F,8.1,90.2
3772,21-10-2015,04:00,12,8000,9.8,SSW,8,0,1021,F,8.9,94.1
3772,21-10-2015,05:00,15,10000,9.9,SW,9,0,1020,F,8.9,93.4
3772,21-10-2015,06:00,15,9000,10.1,SW,9,0,1020,F,9.2,94.0
3772,21-10-2015,07:00,15,8000,10.2,SSW,11,0,1019,F,9.4,94.7
3772,21-10-2015,08:00,15,5000,10.3,SSW,11,0,1018,F,9.7,96.0
3772,21-10-2015,09:00,15,5000,10.8,SSW,10,0,1018,F,10.2,96.0
3772,21-10-2015,10:00,11,6000,11.1,SSW,10,0,1017,F,10.5,96.1
3772,21-10-2015,11:00,11,8000,11.6,SW,10,0,1017,F,11.1,96.8
3772,21-10-2015,12:00,8,7000,12.2,SW,11,0,1016,F,11.5,95.4
3772,21-10-2015,13:00,8,22000,12.8,WSW,10,0,1016,F,12.2,96.1
3772,21-10-2015,09:00,15,5000,10.8,SSW,10,0,1018,F,10.2,96.0
3772,21-10-2015,10:00,11,6000,11.1,SSW,10,0,1017,F,10.5,96.1
3772,21-10-2015,11:00,11,8000,11.6,SW,10,0,1017,F,11.1,96.8
3772,21-10-2015,12:00,8,7000,12.2,SW,11,0,1016,F,11.5,95.4
3772,21-10-2015,13:00,8,22000,12.8,WSW,10,0,1016,F,12.2,96.1
3772,21-10-2015,14:00,8,15000,13.5,SW,10,0,1015,F,12.7,94.8
3772,21-10-2015,15:00,8,30000,14.0,SW,8,0,1015,F,13.1,94.3
3772,21-10-2015,16:00,8,23000,14.2,SW,8,0,1015,F,13.1,93.0
3772,21-10-2015,17:00,8,18000,14.4,SW,8,0,1014,F,13.3,93.1
3772,21-10-2015,18:00,7,13000,14.6,SW,7,0,1014,F,13.6,93.7
3772,21-10-2015,19:00,8,14000,14.8,SW,8,0,1014,F,13.8,93.6
3772,21-10-2015,20:00,7,13000,14.8,WSW,7,0,1014,S,13.7,93.1
3772,21-10-2015,21:00,8,15000,15.0,WSW,9,0,1014,F,13.9,93.0
3772,21-10-2015,22:00,8,14000,14.6,SW,10,0,1014,F,13.6,93.7
3772,21-10-2015,23:00,8,7000,14.1,W,10,0,1013,F,13.1,93.7
3772,22-10-2015,00:00,8,17000,13.8,WSW,13,0,1013,F,12.7,93.0
3772,22-10-2015,01:00,8,10000,13.5,WSW,11,0,1013,F,12.5,93.7
3772,22-10-2015,02:00,8,14000,13.1,WSW,14,0,1013,F,11.2,88.1
3772,22-10-2015,03:00,8,14000,12.9,W,11,0,1013,F,10.2,83.5
3772,22-10-2015,04:00,8,15000,13.1,W,13,0,1013,S,9.8,80.2
3772,22-10-2015,05:00,8,19000,13.2,W,9,0,1013,R,9.7,79.2
3772,22-10-2015,06:00,7,19000,12.4,W,7,0,1013,R,9.9,84.7
3772,22-10-2015,07:00,7,24000,13.3,WSW,9,0,1014,R,10.6,83.6
3772,22-10-2015,08:00,8,21000,13.5,WSW,10,0,1014,R,11.2,85.9
3772,22-10-2015,17:00,8,29000,13.7,WNW,7,0,1019,R,5.6,57.7
3772,22-10-2015,18:00,7,25000,12.8,W,6,0,1020,R,6.1,63.4
3772,22-10-2015,19:00,8,26000,12.9,W,6,0,1021,R,6.1,63.0
3772,22-10-2015,20:00,8,23000,12.5,W,7,0,1021,R,6.1,64.6
3772,22-10-2015,21:00,8,19000,12.2,W,5,0,1022,R,6.6,68.2
3772,22-10-2015,22:00,8,17000,11.7,WNW,6,0,1022,R,6.7,71.1
3772,22-10-2015,23:00,8,17000,11.2,NW,2,0,1022,R,7.0,75.1
3772,23-10-2015,00:00,8,17000,10.8,W,2,0,1022,R,7.3,78.6
3772,23-10-2015,01:00,8,18000,10.7,W,3,0,1022,R,7.7,81.5
3772,23-10-2015,02:00,8,16000,10.6,SW,3,0,1022,R,7.7,82.0
3772,23-10-2015,03:00,8,14000,10.4,WSW,2,0,1022,F,8.0,84.9
3772,23-10-2015,04:00,8,15000,10.4,WSW,3,0,1022,F,8.2,86.1
3772,23-10-2015,05:00,8,16000,10.6,W,3,0,1022,F,7.8,82.6
3772,23-10-2015,06:00,8,16000,10.6,W,3,0,1022,R,7.0,78.1
3772,23-10-2015,07:00,8,13000,10.7,SE,2,0,1022,F,7.5,80.4
3772,23-10-2015,08:00,8,16000,11.0,SSE,3,0,1022,R,7.4,78.2
3772,23-10-2015,09:00,8,16000,11.7,S,6,0,1022,F,7.5,75.1
3772,23-10-2015,10:00,8,20000,12.3,SSW,6,0,1022,F,7.2,70.7
3772,23-10-2015,11:00,8,24000,13.3,SW,8,0,1021,F,6.2,61.6
3772,23-10-2015,12:00,8,19000,13.2,SW,8,0,1021,F,6.5,63.4
3772,23-10-2015,13:00,8,26000,13.2,SW,9,0,1021,F,6.5,63.4
3772,23-10-2015,13:00,8,26000,13.2,SW,9,0,1021,F,6.5,63.4
3772,23-10-2015,14:00,8,21000,13.1,SSW,7,0,1020,F,6.3,62.9
3772,23-10-2015,15:00,8,19000,13.1,SSW,7,0,1019,F,6.9,65.7
3772,23-10-2015,16:00,8,22000,13.2,S,7,0,1019,F,7.5,68.1
3772,23-10-2015,17:00,8,21000,13.1,S,8,0,1019,F,7.8,69.9
3772,23-10-2015,18:00,8,20000,12.9,S,7,0,1019,F,8.1,72.4
3772,23-10-2015,19:00,8,22000,12.8,S,8,0,1018,F,7.8,71.3
3772,23-10-2015,20:00,8,26000,12.6,SSE,7,0,1018,F,7.3,69.9
3772,23-10-2015,21:00,8,30000,12.6,S,8,0,1018,F,7.4,70.3
3772,23-10-2015,22:00,8,28000,12.5,S,8,0,1018,F,7.5,71.3
3772,23-10-2015,23:00,8,22000,11.6,SE,7,0,1017,F,7.7,76.8
3772,24-10-2015,00:00,8,25000,11.5,SSE,6,0,1016,F,7.8,77.8
3772,24-10-2015,01:00,8,28000,11.6,S,7,0,1016,F,7.8,77.3
3772,24-10-2015,02:00,8,30000,11.7,S,8,0,1015,F,8.1,78.4
3772,24-10-2015,03:00,8,30000,11.9,S,9,0,1015,F,8.3,78.4
3772,24-10-2015,04:00,8,30000,11.9,S,7,0,1014,F,8.4,79.0
3772,24-10-2015,05:00,8,30000,12.5,S,8,0,1013,F,8.3,75.4
3772,24-10-2015,06:00,8,30000,12.4,S,7,0,1013,F,8.4,76.5
3772,24-10-2015,07:00,8,35000,12.4,SSE,6,0,1013,F,8.8,78.5
3772,24-10-2015,08:00,7,30000,12.6,SSE,8,0,1013,F,9.5,81.3
3772,24-10-2015,09:00,11,5000,12.3,SSW,9,0,1013,F,10.6,89.3
3772,24-10-2015,10:00,8,12000,12.4,S,8,0,1013,F,11.1,91.7
3772,24-10-2015,11:00,10,21000,13.7,S,8,0,1012,F,10.8,82.5
3772,24-10-2015,12:00,15,14000,13.4,SSW,10,0,1012,F,10.7,83.6
3772,24-10-2015,13:00,8,35000,13.5,SSW,9,0,1012,F,10.0,79.3
3772,24-10-2015,14:00,8,22000,13.5,SSW,9,0,1012,R,10.3,80.9
3772,24-10-2015,15:00,8,35000,13.6,S,6,0,1012,R,10.3,80.3
3772,24-10-2015,16:00,15,3800,13.1,S,5,0,1013,R,11.0,87.0
3772,24-10-2015,17:00,15,4000,12.1,NNW,7,0,1014,R,11.5,96.1
3772,24-10-2015,18:00,15,13000,9.8,NNW,11,0,1016,R,8.3,90.3
3772,24-10-2015,19:00,12,10000,9.5,NW,7,0,1017,R,8.5,93.4
3772,24-10-2015,20:00,7,30000,9.2,WNW,5,0,1018,R,8.3,94.1
3772,24-10-2015,21:00,0,17000,8.7,WNW,6,0,1019,R,7.9,94.7
3772,24-10-2015,22:00,5,8000,8.2,WNW,6,0,1021,R,7.6,96.0
3772,24-10-2015,23:00,0,16000,7.7,W,6,0,1021,R,7.0,95.2
3772,25-10-2015,00:00,0,19000,7.0,W,6,0,1022,R,6.1,93.9
3772,25-10-2015,01:00,0,20000,6.1,W,3,0,1023,R,5.3,94.5
3772,25-10-2015,02:00,0,19000,5.9,W,5,0,1024,R,5.1,94.5
3772,25-10-2015,03:00,0,21000,5.4,W,6,0,1024,R,4.6,94.5
3772,25-10-2015,04:00,0,18000,4.8,W,6,0,1024,R,4.2,95.8
3772,25-10-2015,05:00,0,19000,4.8,W,3,0,1025,R,4.2,95.8
3772,25-10-2015,06:00,0,14000,4.1,WNW,2,0,1025,R,3.6,96.5
3772,25-10-2015,07:00,0,19000,4.4,W,1,0,1025,R,3.9,96.5
3772,25-10-2015,08:00,1,22000,5.3,S,3,0,1026,R,4.9,97.2
3772,25-10-2015,09:00,1,30000,6.5,WSW,2,0,1027,R,5.4,92.6
3772,25-10-2015,10:00,1,30000,8.6,SW,2,0,1027,R,5.5,80.6
3772,25-10-2015,11:00,3,30000,9.7,WSW,1,0,1027,R,5.6,75.2
3772,25-10-2015,12:00,3,26000,10.9,SW,3,0,1026,F,4.7,65.0
3772,25-10-2015,13:00,3,35000,11.2,SSW,6,0,1026,F,4.7,63.8
3772,25-10-2015,14:00,3,29000,11.5,SSE,3,0,1025,F,5.1,64.3
3772,25-10-2015,14:00,3,29000,11.5,SSE,3,0,1025,F,5.1,64.3
3772,25-10-2015,15:00,7,24000,11.8,S,6,0,1025,F,4.9,62.1
3772,25-10-2015,16:00,3,35000,11.2,SSE,6,0,1024,F,5.0,65.2
3772,25-10-2015,17:00,2,29000,10.5,SE,6,0,1024,F,4.5,66.0
3772,25-10-2015,18:00,0,27000,9.9,SE,8,0,1023,F,4.2,67.3
3772,25-10-2015,19:00,0,16000,9.2,SE,8,0,1023,F,5.1,75.3
3772,25-10-2015,20:00,0,21000,7.9,SE,8,0,1023,F,5.0,81.7
3772,25-10-2015,21:00,0,19000,6.6,ESE,7,0,1023,F,4.6,86.9
3772,25-10-2015,22:00,0,16000,6.7,E,6,0,1022,F,4.4,85.0
3772,25-10-2015,23:00,0,14000,5.5,E,7,0,1021,F,4.0,89.9
3772,26-10-2015,00:00,2,12000,6.3,E,6,0,1020,F,5.1,91.9
3772,26-10-2015,01:00,7,14000,6.8,E,7,0,1019,F,5.6,92.0
3772,26-10-2015,02:00,7,12000,6.8,E,8,0,1019,F,5.9,93.9
3772,26-10-2015,03:00,7,12000,7.9,E,7,0,1018,F,6.8,92.7
3772,26-10-2015,04:00,8,11000,8.2,E,8,0,1017,F,7.3,94.0
3772,26-10-2015,05:00,5,6000,6.3,E,8,0,1016,F,5.6,95.3
3772,26-10-2015,06:00,5,6000,7.9,E,8,0,1016,F,7.5,97.3
3772,26-10-2015,07:00,5,7000,8.7,E,8,0,1016,F,7.9,94.7
3772,26-10-2015,08:00,3,9000,9.5,E,9,0,1015,F,8.2,91.5
3772,26-10-2015,09:00,1,11000,11.1,E,9,0,1015,F,8.8,85.6
3772,26-10-2015,10:00,1,9000,12.3,E,10,0,1015,F,9.6,83.4
3772,26-10-2015,11:00,7,12000,13.0,SE,13,0,1014,F,10.5,84.7
3772,26-10-2015,12:00,8,18000,13.6,ESE,13,0,1014,F,10.9,83.6
3772,26-10-2015,13:00,8,18000,15.7,E,13,0,1013,F,11.7,77.0
3772,26-10-2015,14:00,1,25000,16.7,SE,13,0,1012,F,10.9,68.5
3772,26-10-2015,14:00,1,25000,16.7,SE,13,0,1012,F,10.9,68.5
3772,26-10-2015,15:00,1,30000,16.0,SE,13,0,1012,F,11.1,72.5
3772,26-10-2015,16:00,1,19000,13.6,SSE,13,0,1012,F,10.6,82.0
3772,26-10-2015,17:00,7,13000,13.1,ESE,11,0,1012,F,10.7,85.3
3772,26-10-2015,18:00,8,10000,12.7,ESE,10,0,1012,S,10.7,87.5
3772,26-10-2015,19:00,8,9000,12.6,SE,10,0,1012,R,10.6,87.5
3772,26-10-2015,20:00,8,8000,12.3,SE,9,0,1012,R,10.7,89.9
3772,26-10-2015,21:00,8,8000,12.1,SE,7,0,1012,R,10.4,89.3
3772,26-10-2015,22:00,8,7000,12.2,E,7,0,1012,F,10.9,91.7
3772,26-10-2015,23:00,8,7000,12.9,ESE,8,0,1012,F,11.5,91.2
3772,27-10-2015,00:00,8,5000,11.7,SE,6,0,1011,F,10.5,92.4
3772,27-10-2015,01:00,5,4500,11.4,E,3,0,1011,F,10.8,96.1
3772,27-10-2015,02:00,5,4300,11.9,E,5,0,1011,F,11.5,97.3
3772,27-10-2015,03:00,5,3600,11.2,E,7,0,1010,F,10.7,96.7
3772,27-10-2015,04:00,8,1200,11.5,ENE,7,0,1010,F,11.2,98.0
3772,27-10-2015,05:00,5,2400,11.5,E,8,0,1010,F,11.4,99.4
3772,27-10-2015,06:00,5,3200,11.4,E,7,0,1010,F,11.3,99.4
3772,27-10-2015,07:00,5,4500,11.9,ENE,6,0,1010,F,11.7,98.6
3772,27-10-2015,08:00,5,3800,12.1,E,8,0,1010,F,11.6,96.8
3772,27-10-2015,09:00,5,3700,12.7,E,9,0,1010,R,12.0,95.4
3772,27-10-2015,10:00,8,6000,13.6,ESE,7,0,1010,R,12.5,93.0
3772,27-10-2015,11:00,8,9000,15.2,E,8,0,1009,F,12.9,86.1
3772,27-10-2015,12:00,3,12000,16.3,ESE,8,0,1008,F,13.1,81.3
3772,27-10-2015,13:00,3,20000,18.1,SE,11,0,1008,F,13.7,75.4
3772,27-10-2015,14:00,1,40000,18.5,SSE,13,0,1008,F,12.4,67.5
3772,27-10-2015,14:00,1,40000,18.5,SSE,13,0,1008,F,12.4,67.5
3772,27-10-2015,15:00,7,40000,17.4,SSE,11,0,1007,F,12.1,70.9
3772,27-10-2015,16:00,7,45000,16.4,SSE,8,0,1007,F,11.7,73.6
3772,27-10-2015,17:00,8,35000,15.9,SSE,9,0,1008,R,11.7,76.0
3772,27-10-2015,18:00,8,21000,15.5,SE,9,0,1008,R,12.0,79.6
3772,27-10-2015,19:00,8,20000,15.0,ESE,8,0,1008,R,11.8,81.1
3772,27-10-2015,20:00,8,16000,14.3,E,6,0,1007,F,11.9,85.5
3772,27-10-2015,21:00,7,19000,15.1,ESE,8,0,1007,F,12.5,84.4
3772,27-10-2015,22:00,8,17000,14.8,ESE,8,0,1007,F,12.6,86.6
3772,27-10-2015,23:00,8,13000,15.0,ESE,8,0,1007,F,13.0,87.7
3772,28-10-2015,00:00,7,12000,14.8,ESE,6,0,1007,F,13.1,89.5
3772,28-10-2015,01:00,12,8000,12.9,WSW,10,0,1007,S,11.3,89.9
3772,28-10-2015,02:00,11,9000,12.0,W,8,0,1007,F,11.6,97.4
3772,28-10-2015,03:00,8,15000,12.0,W,7,0,1006,F,11.7,98.0
3772,28-10-2015,04:00,12,6000,11.9,W,5,0,1006,F,11.6,98.0
3772,28-10-2015,05:00,12,5000,11.7,W,5,0,1006,F,11.5,98.7
3772,28-10-2015,06:00,12,6000,11.7,W,5,0,1006,F,11.5,98.7
3772,28-10-2015,07:00,15,7000,11.6,SW,7,0,1006,F,11.4,98.7
3772,28-10-2015,08:00,15,7000,11.5,W,7,0,1006,F,11.1,97.4
3772,28-10-2015,09:00,12,8000,11.7,W,6,0,1006,R,11.1,96.1
3772,28-10-2015,10:00,8,17000,12.5,WSW,9,0,1006,R,11.5,93.6
3772,28-10-2015,11:00,8,18000,13.1,W,6,0,1006,R,11.6,90.6
3772,28-10-2015,12:00,8,29000,14.1,WSW,7,0,1006,R,11.3,83.2
3772,28-10-2015,13:00,8,30000,15.0,WSW,8,0,1007,R,11.3,78.5
3772,28-10-2015,14:00,7,35000,15.0,SW,7,0,1006,R,10.9,76.4
3772,28-10-2015,14:00,7,35000,15.0,SW,7,0,1006,R,10.9,76.4
3772,28-10-2015,15:00,7,35000,16.1,WSW,9,0,1007,S,9.6,65.2
3772,28-10-2015,16:00,1,35000,15.2,SSW,10,0,1007,F,9.0,66.4
3772,28-10-2015,17:00,0,35000,14.2,SSW,8,0,1007,R,9.5,73.3
3772,28-10-2015,18:00,0,26000,12.7,S,9,0,1008,R,9.8,82.4
3772,28-10-2015,19:00,0,22000,11.9,S,10,0,1008,R,9.9,87.4
3772,28-10-2015,20:00,0,17000,11.5,S,9,0,1009,R,10.1,91.1
3772,28-10-2015,21:00,2,14000,11.2,SE,8,0,1009,R,9.9,91.7
3772,28-10-2015,22:00,0,12000,10.7,SE,9,0,1009,R,9.7,93.5
3772,28-10-2015,23:00,5,9000,10.4,SE,7,0,1009,R,9.6,94.7
3772,29-10-2015,00:00,5,7000,9.1,SE,7,0,1009,R,8.5,95.9
3772,29-10-2015,01:00,2,10000,9.4,SE,7,0,1009,R,9.0,97.3
3772,29-10-2015,02:00,0,10000,9.4,ESE,8,0,1009,F,9.1,98.0
3772,29-10-2015,03:00,7,13000,10.1,SE,8,0,1009,R,9.9,98.6
3772,29-10-2015,05:00,7,13000,11.1,SE,8,0,1010,R,10.7,97.4
3772,29-10-2015,06:00,8,19000,12.0,SE,9,0,1010,R,11.1,94.2
3772,29-10-2015,07:00,7,14000,11.6,SE,7,0,1010,R,10.8,94.8
3772,29-10-2015,08:00,7,15000,12.4,SE,8,0,1011,R,11.7,95.5
3772,29-10-2015,09:00,8,15000,13.7,SSE,11,0,1011,R,11.7,87.7
3772,29-10-2015,10:00,8,14000,14.6,SSE,15,0,1011,R,11.9,83.8
3772,29-10-2015,11:00,7,9000,14.3,S,15,0,1012,R,12.3,87.7
3772,29-10-2015,12:00,8,22000,14.7,S,14,0,1012,R,12.6,87.1
3772,29-10-2015,13:00,8,35000,15.0,S,15,29,1012,R,12.5,84.9
3772,29-10-2015,14:00,8,11000,14.8,S,17,0,1012,R,13.1,89.5
3772,29-10-2015,14:00,8,11000,14.8,S,17,0,1012,R,13.1,89.5
3772,29-10-2015,15:00,7,11000,14.7,S,13,0,1012,R,13.5,92.5
3772,29-10-2015,16:00,8,8000,14.4,S,13,0,1013,R,13.2,92.4
3772,29-10-2015,17:00,8,25000,14.4,SSE,11,0,1013,R,13.6,94.9
3772,29-10-2015,18:00,11,6000,14.2,SSE,10,0,1013,R,13.7,96.8
3772,29-10-2015,19:00,12,3400,14.1,SSE,11,0,1014,R,13.7,97.5
3772,29-10-2015,20:00,11,4100,13.8,SSE,10,0,1014,R,13.5,98.0
3772,29-10-2015,21:00,11,2900,12.4,W,10,0,1015,R,11.9,96.7
3772,29-10-2015,22:00,11,5000,11.5,SW,7,0,1015,R,11.0,96.8
3772,29-10-2015,23:00,11,5000,11.6,S,5,0,1015,R,11.2,97.4
3772,30-10-2015,00:00,11,4100,12.0,S,6,0,1015,R,11.8,98.6
3772,30-10-2015,01:00,15,3100,12.1,SSE,5,0,1015,F,11.9,98.7
3772,30-10-2015,02:00,8,7000,12.5,ESE,7,0,1015,R,12.5,100.0
3772,30-10-2015,03:00,8,9000,13.8,SE,8,0,1015,F,13.7,99.4
3772,30-10-2015,04:00,8,14000,13.8,SE,13,0,1014,F,13.2,96.2
3772,30-10-2015,05:00,9,5000,13.8,SE,14,0,1014,F,13.2,96.2
3772,30-10-2015,06:00,12,14000,13.7,SSE,15,0,1014,F,13.1,96.1
3772,30-10-2015,07:00,11,7000,13.6,SSE,13,0,1015,R,13.1,96.8
3772,30-10-2015,08:00,15,10000,13.9,SSE,15,0,1016,R,13.2,95.5
3772,30-10-2015,09:00,15,13000,13.8,SSE,14,0,1017,R,13.2,96.2
3772,30-10-2015,10:00,12,23000,14.2,SSE,15,0,1017,R,13.3,94.3
3772,30-10-2015,11:00,12,22000,14.8,SSE,14,0,1018,R,13.6,92.5
3772,30-10-2015,12:00,8,26000,15.7,S,10,0,1018,R,13.8,88.4
3772,30-10-2015,13:00,8,35000,16.0,S,11,0,1018,R,13.2,83.3
3772,30-10-2015,14:00,8,35000,15.9,SE,8,0,1018,R,13.1,83.3
3772,30-10-2015,14:00,8,35000,15.9,SE,8,0,1018,R,13.1,83.3
3772,30-10-2015,15:00,7,30000,15.8,SE,10,0,1018,R,13.1,83.9
3772,30-10-2015,16:00,7,21000,15.5,SSE,10,0,1019,R,11.6,77.4
3772,30-10-2015,17:00,8,30000,15.0,SE,10,0,1019,R,11.6,80.0
3772,30-10-2015,18:00,8,30000,14.1,SE,7,0,1020,R,10.5,78.7
3772,30-10-2015,19:00,8,40000,13.1,ESE,5,0,1020,R,10.0,81.3
3772,30-10-2015,20:00,8,28000,13.2,E,5,0,1020,R,10.1,81.3
3772,30-10-2015,21:00,8,35000,13.6,ESE,9,0,1020,R,10.4,80.8
3772,30-10-2015,22:00,9,30000,13.6,ESE,8,0,1020,F,11.1,84.7
3772,30-10-2015,23:00,8,17000,12.9,ESE,7,0,1020,F,11.1,88.7
3772,31-10-2015,00:00,8,14000,12.0,ESE,7,0,1020,F,10.7,91.7
3772,31-10-2015,01:00,8,14000,12.0,ESE,8,0,1020,F,10.7,91.7
3772,31-10-2015,02:00,7,11000,11.7,ENE,3,0,1020,F,10.8,94.2
3772,31-10-2015,03:00,5,3600,9.9,ESE,3,0,1020,F,9.1,94.8
3772,31-10-2015,04:00,5,5000,10.7,E,5,0,1020,F,10.4,98.0
3772,31-10-2015,06:00,5,4700,11.1,ESE,8,0,1020,R,10.4,95.4
3772,31-10-2015,07:00,5,4400,10.9,ESE,7,0,1021,R,10.3,96.1
3772,31-10-2015,08:00,5,4800,11.2,ESE,8,0,1021,R,10.4,94.7
3772,31-10-2015,09:00,5,4900,11.1,SSE,7,0,1021,R,10.2,94.1
3772,31-10-2015,10:00,8,5000,11.5,SE,6,0,1021,R,10.3,92.3
3772,31-10-2015,11:00,7,8000,13.1,SSE,6,0,1022,R,10.9,86.3
3772,31-10-2015,12:00,3,8000,14.5,SSE,2,0,1021,R,10.7,77.7
3772,31-10-2015,13:00,1,11000,15.8,ESE,3,0,1021,F,10.5,70.4
3772,31-10-2015,14:00,1,14000,17.6,SW,2,0,1022,R,11.2,65.8
3772,31-10-2015,14:00,1,14000,17.6,SW,2,0,1022,R,11.2,65.8
3772,31-10-2015,15:00,1,20000,17.1,ESE,3,0,1022,R,10.3,63.9
3772,31-10-2015,16:00,1,19000,16.6,SSE,3,0,1022,R,11.3,70.6
3772,31-10-2015,17:00,0,21000,15.0,ESE,3,0,1023,R,10.7,75.2
3772,31-10-2015,18:00,0,17000,13.9,ESE,3,0,1023,R,11.1,83.0
3772,31-10-2015,19:00,0,10000,12.8,ESE,5,0,1024,R,11.2,89.9
3772,31-10-2015,20:00,0,7000,12.1,E,2,0,1025,R,10.7,91.1
3772,31-10-2015,21:00,0,4300,11.6,ENE,1,0,1025,R,10.6,93.5
3772,31-10-2015,22:00,5,3000,10.5,N,0,0,1026,R,9.9,96.0
3772,31-10-2015,23:00,5,3000,10.3,N,1,0,1026,R,9.9,97.3
3772,01-11-2015,00:00,0,1400,9.3,ESE,2,0,1027,R,8.9,97.3
3772,01-11-2015,01:00,0,1400,8.9,E,1,0,1027,R,8.6,97.9
3772,01-11-2015,02:00,5,2400,8.2,NNE,1,0,1027,R,8.0,98.6
3772,01-11-2015,03:00,2,2600,7.2,N,0,0,1027,R,7.0,98.5
3772,01-11-2015,04:00,6,100,7.0,NW,1,0,1027,F,6.8,98.6
3772,01-11-2015,05:00,6,100,7.5,NE,2,0,1027,F,7.4,99.3
3772,01-11-2015,06:00,6,100,7.7,SE,3,0,1027,R,7.6,99.3
3772,01-11-2015,07:00,6,200,7.5,SSW,1,0,1028,R,7.5,100.0
3772,01-11-2015,08:00,6,100,7.5,NNW,3,0,1029,R,7.5,100.0
3772,01-11-2015,09:00,6,100,8.0,SE,5,0,1029,R,8.0,100.0
3772,01-11-2015,10:00,6,400,8.6,W,1,0,1029,R,8.6,100.0
3772,01-11-2015,11:00,8,1600,9.2,S,1,0,1029,R,9.2,100.0
3772,01-11-2015,12:00,8,1600,9.8,WNW,2,0,1029,R,9.8,100.0
3772,01-11-2015,13:00,8,2500,9.9,N,2,0,1029,F,9.9,100.0
3772,01-11-2015,14:00,1,4100,12.9,ESE,2,0,1028,F,11.2,89.3
3772,01-11-2015,14:00,1,4100,12.9,ESE,2,0,1028,F,11.2,89.3
3772,01-11-2015,15:00,1,3500,12.1,SSE,3,0,1028,F,10.3,88.6
3772,01-11-2015,16:00,5,1500,10.3,SE,5,0,1028,F,9.7,96.0
3772,01-11-2015,17:00,6,300,9.4,SE,2,0,1028,R,9.1,98.0
3772,01-11-2015,18:00,6,200,8.9,SE,2,0,1028,R,8.8,99.3
3772,01-11-2015,19:00,6,200,9.2,E,3,0,1028,R,9.1,99.3
3772,01-11-2015,20:00,6,100,9.2,ESE,2,0,1028,F,9.2,100.0
3772,01-11-2015,21:00,6,100,9.1,E,3,0,1028,F,9.1,100.0
3772,01-11-2015,22:00,6,100,9.0,E,1,0,1028,F,9.0,100.0
3772,01-11-2015,23:00,8,1000,9.1,SW,2,0,1028,F,9.1,100.0
3772,02-11-2015,00:00,6,200,8.9,W,1,0,1028,F,8.9,100.0
3772,02-11-2015,01:00,6,100,8.7,W,2,0,1027,F,8.7,100.0
3772,02-11-2015,02:00,6,100,8.4,ESE,1,0,1027,F,8.4,100.0
3772,02-11-2015,03:00,6,100,8.3,SSW,3,0,1027,F,8.3,100.0
3772,02-11-2015,04:00,6,400,7.9,SE,2,0,1026,F,7.9,100.0
3772,02-11-2015,05:00,6,100,8.2,S,2,0,1026,F,8.2,100.0
3772,02-11-2015,06:00,6,200,8.5,NE,2,0,1026,F,8.5,100.0
3772,02-11-2015,07:00,6,200,8.2,ESE,5,0,1026,F,8.2,100.0
3772,02-11-2015,08:00,6,200,8.8,ESE,3,0,1026,F,8.8,100.0
3772,02-11-2015,09:00,6,300,9.2,ENE,3,0,1025,F,9.2,100.0
3772,02-11-2015,10:00,6,300,9.7,ENE,3,0,1025,F,9.7,100.0
3772,02-11-2015,11:00,6,200,9.6,E,5,0,1025,F,9.6,100.0
3772,02-11-2015,12:00,6,500,10.4,ESE,6,0,1024,F,10.4,100.0
3772,02-11-2015,13:00,8,3100,10.8,E,5,0,1023,F,10.8,100.0
3772,02-11-2015,14:00,5,3600,12.0,ESE,6,0,1022,F,12.0,100.0
